Latitude,Longitude,PathLoss
22.2879847357125,114.141490534376,88.5914208014347
22.2869802067726,114.139965193952,88.0948046196447
22.2869451357643,114.140406027838,85.577803074562
22.2870691692263,114.141560976014,88.4513889518222
22.2865976275136,114.14089133351,88.4246263324376
22.2868207978004,114.141382811539,88.5566181156966
22.2868301218604,114.140710401231,86.0382102983603
22.288493658958,114.140416814303,90.008974608367
22.2865891554191,114.14013332117,89.5760471833604
22.2872906782482,114.140373336361,82.8459672606063
22.2869542050639,114.141578240355,89.0347137322501
22.2878613775694,114.141630227591,88.9857299550569
22.2873709463553,114.141586673309,87.9026724206877
22.2865066686491,114.14092661406,89.2151936812214
22.2880971515139,114.140171963067,87.8905876474357
22.2883599373518,114.141232525551,89.6405828069157
22.2881478990794,114.140852927177,86.8649011614648
22.2880801633282,114.140364082392,86.8455887381501
22.2869419239523,114.140330772684,86.0028229077935
22.2876640469571,114.141365828282,86.2025961743298
22.2870759249831,114.140511108784,83.6999314116171
22.2882191145969,114.1409354791,87.6906371245393
22.2884773755767,114.14011339775,90.6377224649828
22.2881494181699,114.141057723238,87.4382840660259
22.2869928989401,114.140657571253,84.2237700055722
22.2872931504535,114.140904876498,81.4852815937392
22.2880960455316,114.139916137543,89.2623279954153
22.2881378843883,114.14138817266,88.8577777127431
22.2872040124888,114.140566138925,81.9967109784989
22.2876394784368,114.141107649462,83.5653498957281
22.287979939514,114.141221768301,86.869590617755
22.2872732575271,114.14056460497,81.3085563945261
22.288407689315,114.140851942735,89.1470447154285
22.2881944441084,114.140258690633,88.2161513225258
22.2877396472303,114.140882723369,82.5139871528023
22.2884219369316,114.13987780539,91.1340259574447
22.2874959977832,114.140749179353,79.8779784462555
22.2866753320043,114.141515332959,90.0497087760681
22.288263777877,114.140583979334,87.9268156262397
22.2880584452258,114.140002930046,88.5683013246296
22.2877346318545,114.140227247359,84.9695170124608
22.2873863124229,114.141393999023,86.1532117361329
22.2868874098375,114.140313703246,86.565794091194
22.2874615891355,114.140381624088,82.2493835925669
22.288091971659,114.14168097515,90.1902118369391
22.2868130951094,114.140179759566,87.834979509271
22.2878994732653,114.140456943325,84.6831051764482
22.2884424098053,114.141650611111,91.621671492009
22.2877823960988,114.141426197754,87.1801153975659
22.287298766796,114.140969861596,82.0183409949464
22.2884654732788,114.140824954812,89.5726676212357
22.2883621838317,114.141146686412,89.3889105874563
22.2874630770336,114.140984062185,81.615484162398
22.2882702737318,114.1401034735,89.3788647976441
22.2872857325479,114.141690350605,88.8314661117805
22.2872997032339,114.141023712962,82.5437554254103
22.2882976962461,114.141696763553,91.1540192306525
22.2878013265622,114.139922872856,87.8337922035287
22.2865672280616,114.140942182478,88.7614322955279
22.2876292887238,114.141629929316,88.3638773479384
22.2879872109388,114.141031032197,85.8676944726244
22.2875416266368,114.140225788563,84.1351495610034
22.2884189875338,114.140786408075,89.1872293878606
22.2865555403268,114.141098628927,89.2125584757442
22.2875344323158,114.139824061111,87.9838356666436
22.2882750724665,114.140366404485,88.4771260784798
22.2869544023957,114.139933897284,88.4298488601118
22.2871168454269,114.140162864644,85.8674981732524
22.2877989943344,114.139838320249,88.4535251864002
22.2870458627597,114.140269640475,85.5247016839224
22.2882551325195,114.140594660717,87.8369611298663
22.2880068282418,114.140912592752,85.5812006960552
22.2880615318748,114.139933861277,88.9824539832489
22.2884521277703,114.141403193351,90.7813502338889
22.2865962929953,114.140638403668,88.3119805653487
22.2871463065499,114.14096641025,83.2983965155357
22.2869555983276,114.140865769947,84.8720768972604
22.2877013126409,114.140905758192,82.2547328110596
22.2873918557608,114.139776846921,88.3519536202767
22.2875226296701,114.140521460324,80.8886727736209
22.2867110920732,114.140625751258,87.2785864451178
22.2873967655074,114.140808280672,80.1675950958078
22.288105808634,114.141107700146,87.2689282623064
22.2882394710078,114.139810384305,90.5132634606346
22.2869343626228,114.14062528402,84.950461455685
22.2884120671923,114.141286090714,90.1543291210734
22.2873987492181,114.140372856373,82.4098121544022
22.2866131906254,114.141187810606,89.07061570922
22.2875085890481,114.140105850826,85.3570019471572
22.2873493871022,114.140043380557,86.052708630293
22.2879983891817,114.140442701683,85.7505638173336
22.2883786355905,114.139740345082,91.4638294348504
22.2881531118176,114.14095918195,87.1534908896012
22.2875724930303,114.141007015271,82.1642741127839
22.2879482590646,114.139894977128,88.6607251977869
22.2882501478686,114.139734724288,90.9141262228095
22.2870836052537,114.140065829757,86.8336196885445
22.2883475885364,114.139842360874,90.8995775950203
22.2876571864552,114.140980302445,82.4481894016268
22.2877975385295,114.141435244025,87.316743368745
22.2866069050588,114.141339710348,89.6816244621202
22.2875528449327,114.141094701121,83.0385157536776
22.2869198097926,114.140792559892,85.1113652317159
22.2879000405443,114.141618869115,89.0503894162489
22.2873840843257,114.139876795662,87.5303393365429
22.2866096802951,114.140964900972,88.4599122113305
22.288087358133,114.141088382666,87.029348985623
22.2871856157244,114.141599633334,88.3560568809732
22.2875353806364,114.14161362605,88.1148358490913
22.2866421912716,114.140120063896,89.2813368078447
22.288045055628,114.141534375642,89.154888145581
22.2880601012954,114.140297068392,86.9775870704041
22.2867986914446,114.141401821045,88.7923350039317
22.2880647091822,114.140247663004,87.2607607148306
22.2869506214096,114.140348046434,85.8298865913046
22.2881541236088,114.141350364389,88.7678064005379
22.287636365701,114.140849659272,81.2611238795308
22.287067036545,114.141104267119,85.0203840070766
22.2880875158866,114.140589178112,86.2298504848899
22.2873874312234,114.140637324817,80.0911969131287
22.2870530783745,114.141056750637,84.8089821069707
22.2883023290527,114.141523051798,90.4179798257159
22.2879893938883,114.140227023014,86.790007432248
22.2878742756801,114.139969661331,87.8045695674286
22.2867420016646,114.140087805706,88.7749453592708
22.286786464199,114.140876087231,86.6752220887935
22.2866417233802,114.141350652444,89.5090683163498
22.2879408059465,114.141557716076,88.8157436643137
22.2874802771969,114.141015765797,81.9814075188772
22.2882752469559,114.140783051149,87.9753385476833
22.2870594103291,114.141657915036,89.1571258305043
22.2865678510311,114.140358489146,89.0093223752615
22.2884410272478,114.140436065251,89.5944807703469
22.2871132992378,114.139947824769,87.6142444305674
22.2883265314081,114.139976956411,90.2354319727437
22.2871592357837,114.141500959785,87.671369814963
22.2874942975557,114.140936576484,81.1497954327997
22.2876612659362,114.141102507853,83.6403596404756
22.2865536646855,114.140761765375,88.6680043635151
22.2865591456928,114.141360284646,90.0548043611593
22.287174972413,114.141399421918,86.780145684135
22.2869871391342,114.140868982505,84.5293144410121
22.2883703537582,114.139801574585,91.1772210794969
22.2866029553183,114.139747236068,91.097487913876
22.2878579570284,114.140903257053,83.9329614521412
22.286723060069,114.141298490701,88.7551480941151
22.2877307011743,114.139846427048,88.1790995512611
22.2866335579451,114.139978014777,89.9328578685008
22.2880727826393,114.139890796916,89.2852540888852
22.286970737584,114.140193295825,86.6143884126367
22.2867046444253,114.14142270552,89.4514767211899
22.2878913995324,114.141173484267,85.8883753751102
22.2877960612489,114.140738541132,82.7173472165713
22.2871477762702,114.141029552394,83.754758504134
22.2867301309692,114.140001634828,89.2666179485453
22.2865345293275,114.141634583461,91.2683770071164
22.288435745804,114.139953721014,90.9281263431078
22.2874298200535,114.141019388007,82.0226546994272
22.2870753711333,114.141215073279,85.7976630008922
22.2876112361027,114.140561585191,81.1130559977468
22.2870293881145,114.141213472148,86.1087333706513
22.28829175265,114.141162888068,88.9313700655855
22.2873086602693,114.141582631681,87.950681339612
22.2870058549099,114.140772326481,84.0810261738309
22.2884045097408,114.140241495073,89.7909117342215
22.2869951692412,114.14156134544,88.7506996525047
22.2866321646971,114.140304800773,88.6742929134433
22.2876781670683,114.140112598291,85.7407449887186
22.2877667663978,114.141302740516,86.088034003327
22.2874984021047,114.141007624272,81.9171844750927
22.2880869099711,114.140172747536,87.8133824265955
22.2876966778769,114.139930924757,87.4051399780135
22.2875265313064,114.141381681382,86.0321208559175
22.288336580216,114.140702455859,88.4890329865066
22.2870502222445,114.141011039921,84.5391405770345
22.2883295976076,114.140725678907,88.4296409094516
22.2884433829676,114.140100557884,90.4721185168714
22.2867173699676,114.140300708587,88.0261710999288
22.2872878370711,114.140547511367,81.2945297413154
22.2871179507153,114.141093686342,84.5164616187369
22.2866787436665,114.140510177238,87.7454630139128
22.2870853616081,114.140318993558,84.8446735402371
22.2867061222615,114.140893655209,87.4744264479448
22.2870604550325,114.140016443242,87.3292187944294
22.2864963173352,114.140273190834,89.7536321281184
22.28759662175,114.141447804383,86.769043654001
22.2865795068507,114.141515443963,90.5561470803727
22.2867569481727,114.141373457896,88.8980764647074
22.2880959367498,114.141541760184,89.4473882214033
22.2867696073169,114.140715464635,86.6648034796082
22.2873049169602,114.140053144323,86.0544772730473
22.2876453672249,114.140918435865,81.8266178266452
22.2869238914808,114.14074586451,85.0148895774294
22.2884733716193,114.140685830325,89.5947378249835
22.2878847464224,114.140528843655,84.1945877575133
22.2865645534802,114.140291663112,89.2177051003007
22.2880978834756,114.140399003981,86.8650350433428
22.2866616318896,114.140728212742,87.7088513360837
22.2872286668157,114.14118495901,84.5685745533722
22.2875444803279,114.141315041755,85.3939505025187
22.2881288223581,114.140084942963,88.551070180727
22.2867423869137,114.141347992958,88.8634553507277
22.28777079524,114.139738239604,89.0842261202071
22.2882869092553,114.140736750114,88.0589237034551
22.2875840438767,114.140918884416,81.3679517017081
22.2880158724357,114.141416693744,88.2998780460708
22.2872607368967,114.139875298377,87.7334805206857
22.2879627465976,114.140369978665,85.7548827249748
22.2881744990698,114.140449446616,87.3914060199326
22.2881514305401,114.140059037258,88.8252122881688
22.2867540397221,114.141465767165,89.3825158000836
22.2865831582569,114.141079440037,88.9530941546749
22.2879625458099,114.140580344874,84.9022623302843
22.2872546778338,114.14166531488,88.6960810039662
22.2872929868452,114.140586373829,80.9998522920242
22.2868086157751,114.140358068568,87.0440089227864
22.2871231238573,114.141495001328,87.7570926270799
22.2869890483585,114.140327358032,85.6099083905252
22.2873127378161,114.141122021788,83.5103892483592
22.2867822751901,114.141448644133,89.1361196509816
22.2866613117935,114.140629475677,87.7393460689132
22.2865557780473,114.141212401065,89.5538772732705
22.2878950853391,114.140135024492,86.7280786333275
22.287854809371,114.140820585361,83.5919985130583
22.2881963578052,114.140823130984,87.2870366642877
22.2882985473281,114.140545035408,88.2822975631253
22.2872112567056,114.140683975035,81.5232228776905
22.287006924282,114.141564338538,88.7216445432385
22.2874285136284,114.140214015701,84.1728686971931
22.2873574368946,114.141111060022,83.2217864433555
22.287299659736,114.140069680157,85.9101634652815
22.2882075022323,114.140874402449,87.465734034538
22.2872421575654,114.140149389094,85.3416606781249
22.2869329882354,114.140750464886,84.9139138378985
22.287361845427,114.141188607977,84.0664298104422
22.2866358992647,114.141400666873,89.7567367716301
22.2878547604691,114.139979303044,87.6420638106737
22.2882118043772,114.140105668249,88.9905116180519
22.2877096798435,114.140792089967,81.771261426613
22.2868196493841,114.139717306136,90.310144029866
22.2880379702943,114.141235575113,87.3753881712736
22.2873371387047,114.139819626362,88.0578077645187
22.2876664939905,114.140054310489,86.234663518745
22.2879522213211,114.1407745821,84.6546757941302
22.2870011285755,114.141540113497,88.5832666418858
22.2880113890594,114.141480061464,88.6619249100386
22.2866325963422,114.140073056391,89.535329633314
22.2879691453092,114.141099429705,86.0615272759552
22.2880489858114,114.140709806838,85.7106027923893
22.287345993656,114.140928474262,81.3369136406115
22.2882065437827,114.141047594218,87.8864509067985
22.2875421840894,114.14030363082,83.2737287543983
22.2879029381573,114.140469221752,84.6583732616992
22.2876303699956,114.141481721911,87.1427496326766
22.288180898578,114.141503597112,89.6853298032818
22.2883730061829,114.141336870312,90.0839159857855
22.2864977156576,114.139712181395,91.7115842941816
22.2866699376326,114.140227454702,88.6649177015145
22.2865405973413,114.140554169638,88.8550761758211
22.2871771299378,114.140788707867,82.0308512761903
22.2883473381652,114.140302998894,89.2104302304114
22.2871711695877,114.141424960214,87.009914259246
22.2871759566215,114.139982240806,87.0961744980033
22.2875105979107,114.141419312954,86.378393734839
22.2872636272358,114.141097381854,83.5045121163235
22.2877508083556,114.140606776309,82.3341943258538
22.2874422358842,114.141605412707,88.0175603075077
22.2866619951236,114.14026565784,88.5818298650164
22.2873890146187,114.140881142528,80.7111284542574
22.2882502682768,114.14064420104,87.7482488923665
22.2873698369514,114.14119836988,84.1541600431088
22.2874308209316,114.141427654702,86.4414947898763
22.2874280240248,114.140702208974,79.8015653812786
22.2874698613088,114.140164937549,84.7050905946634
22.2866661044648,114.139840766627,90.3787479203313
22.2882717818696,114.140172335371,89.1143222445714
22.28821819152,114.141129470186,88.2603046451636
22.2882406259861,114.141582004014,90.3682007109947
22.2867743785571,114.14049380029,86.9035210962193
22.2884561256594,114.140995588052,89.7165255173505
22.2882878195589,114.140670460811,88.0723143245557
22.2865231861504,114.140951760689,89.127887665161
22.2869571907262,114.140760867926,84.6428448952743
22.2879449839227,114.140920831582,84.9574142829707
22.2876717328916,114.14057286968,81.6077739265621
22.286983345787,114.140563920708,84.5331266574736
22.286515354911,114.140923642898,89.1428792998361
22.2884109503764,114.139896893047,91.0057250905825
22.2865661811268,114.141478470223,90.4762725706674
22.2869888827301,114.139723830113,89.6344074060367
22.2881248405429,114.139986998873,89.0368545527673
22.2882547328806,114.139896753572,90.1904270278788
22.2872001202025,114.140892841136,82.2585871384387
22.287665363277,114.141041363528,83.0736741541567
22.2877910542301,114.140572738135,82.9391410241515
22.2867745175182,114.141209859016,87.9819683187724
22.2869785735872,114.141006918645,85.2197844357681
22.2882097481217,114.139874740942,90.0612761371569
22.2884391783234,114.139768919871,91.6285603407034
22.2881658091009,114.141377426696,88.9741324545727
22.2865947150027,114.140797772418,88.3405931050058
22.2883813396793,114.14034894614,89.3376230517674
22.2881079336076,114.140908797511,86.5918203609834
22.2880742409302,114.14130437007,88.0089220773033
22.2865941295312,114.140272397268,89.0609495712018
22.287801913648,114.140685310691,82.7897402956123
22.288440704474,114.14120297982,90.0880377018193
22.2876306822995,114.140303928327,83.6312253038408
22.2870072195621,114.141479127589,88.1396105578904
22.2873886017256,114.141337974507,85.5940861601769
22.2866916746035,114.141425186907,89.5386325664008
22.2865502580163,114.141504312869,90.6656179903873
22.2882948710011,114.140754212019,88.1345853536798
22.2867353990253,114.140061588184,88.9432289062372
22.287907215189,114.141368719513,87.3701695938391
22.2865646676411,114.141221677421,89.5240552817242
22.288409224356,114.14039174103,89.4453768745757
22.2877714874188,114.140392011624,83.8445016015338
22.2869279427924,114.141278401254,87.2556420448745
22.2879411799191,114.14026367781,86.1889398263254
22.2876598628574,114.140548011563,81.6406342459691
22.2866791374135,114.13975405465,90.724070399042
22.287477291608,114.14026253404,83.6262488946543
22.2871745143283,114.140280699219,84.4840026416833
22.2868368064705,114.140504526629,86.2680923559336
22.2878902991369,114.140113352874,86.8536373658299
22.287827652977,114.140592132179,83.2999527438276
22.2873615905312,114.140056478885,85.9045032870557
22.2868814046235,114.140938842663,85.8986591026289
22.2870330212157,114.140825355863,83.8673418472178
22.2883845679835,114.141134943271,89.5147680090828
22.2878534393108,114.141624761163,88.9208760819251
22.2880456686239,114.140921453933,86.0078342080178
22.2883910047187,114.139825283247,91.182037181294
22.2870324246905,114.141679360088,89.3890463471354
22.2880394134642,114.1406567086,85.6303447624088
22.2878567991111,114.14053986951,83.8342856204491
22.2872552984058,114.140132540778,85.4502037258803
22.2872608759783,114.139765335503,88.6029111512272
22.2874396421302,114.140372745374,82.3544442569386
22.2884466896082,114.140816887077,89.4228277348884
22.2881876072756,114.140522126989,87.3344787088907
22.2874190363275,114.141358613442,85.7720413856922
22.2884774063997,114.140753895299,89.6285851368092
22.2883458737793,114.141184043723,89.3873731394428
22.2876298601123,114.141643555326,88.4711750813923
22.2881439988396,114.141625218558,90.1216329512202
22.2877876921309,114.140465146971,83.479717791737
22.2874481493618,114.141529779625,87.3718864756299
22.2865247077115,114.140019387694,90.3933633223107
22.2874381357531,114.14079198339,79.9801988270764
22.2866143820648,114.141022060611,88.5563185269704
22.2882742706068,114.139925265212,90.1662637364784
22.2873705462284,114.140266460179,83.6771534177535
22.2884654926249,114.140923517415,89.6741409232918
22.2870024984138,114.139971229454,87.9425183738363
22.2875850097824,114.141361607863,85.9377792186298
22.288169012542,114.141372697294,88.9706737986657
22.2869024308686,114.140794835398,85.3090816523591
22.2882448854431,114.139948000172,89.9038327534979
22.2882077015371,114.141505552038,89.8376162385619
22.2869307302479,114.13985995817,89.0114185913088
22.287443430321,114.141376054931,85.9350052266431
22.2874337870041,114.140533539878,80.6602428939626
22.2875004925277,114.13995687992,86.8010208831277
22.2867595706509,114.14144695073,89.255361536942
22.2877009003626,114.140236603452,84.6835619680575
22.2882246051601,114.139822218916,90.386232447242
22.2874105077702,114.141150419288,83.545455401572
22.2871729983032,114.140508439714,82.6664235451014
22.2875489595044,114.141494471429,87.1107834338002
22.2880517213166,114.139844735205,89.4465830034761
22.2870525690572,114.140464739669,84.1930505920473
22.2882243450928,114.140545920739,87.6268711407832
22.286974754947,114.140901309033,84.7795324190341
22.2874538088072,114.141503095004,87.1342916392129
22.2883644184758,114.141341773668,90.0488602736153
22.2879128179578,114.141192441141,86.1809731178917
22.288294419565,114.13983647961,90.6615579529114
22.2871668223427,114.139714670145,89.1720149886891
22.2881511912063,114.140720870755,86.7776329872929
22.2872273248723,114.140159279435,85.3126065881845
22.2875646634192,114.140284969733,83.5500491836691
22.2866317417949,114.139875941491,90.3915774277934
22.2866316789363,114.140525632998,88.1304380617807
22.2867417627646,114.140592033185,87.0230234912815
22.2882928794739,114.140413278004,88.4950233903404
22.2867353562391,114.140844222051,87.1135198503021
22.2882450654527,114.140403149954,88.1294251801184
22.2865788420098,114.139990679439,90.1920717406515
22.2866481856698,114.141187053179,88.8161471850869
22.2874080502546,114.141042498631,82.3171921596051
22.2878934921512,114.140848714425,84.1296921011289
22.2877523866839,114.14146152785,87.3438289777035
22.2878197034793,114.141456827224,87.5792624786852
22.2874300340377,114.139988672057,86.4926379876704
22.2866312689145,114.141134484814,88.7569776195953
22.2871109720564,114.141048327943,84.2248977559634
22.2877998416708,114.140768097677,82.8023806356499
22.2879252140635,114.140715621246,84.2955256035622
22.287470998717,114.140701676618,79.7856744692581
22.2883669511066,114.140484563366,88.9422498528921
22.2867292903315,114.140186847108,88.4034291756085
22.2878648169893,114.14138450723,87.2526271507627
22.2884352892658,114.140136339226,90.3089539494952
22.2880156866928,114.1408742057,85.5617641308941
22.2873009031551,114.140726080676,80.5572049717501
22.2874862884382,114.141008736685,81.9098308567636
22.2879824122892,114.140309906938,86.2562818004615
22.2866742238704,114.141357930965,89.3379733904329
22.2872741740178,114.141256609707,85.0643549286493
22.2868537381906,114.139924722419,88.9938344615113
22.2883053166762,114.141458702008,90.1607095864225
22.2884945851289,114.141434509372,91.121836443004
22.2865687550446,114.140795364884,88.5603437788314
22.2884902323644,114.140728016308,89.7210987656234
22.2882420243519,114.139846442945,90.3574260011013
22.2884700774737,114.141551426859,91.3917938947367
22.2876235218392,114.140568924107,81.1699608836966
22.2871706891305,114.141147446856,84.5750482741232
22.2865223111333,114.140454120386,89.149609403963
22.2883403704408,114.140798959296,88.5514431377353
22.2874427737395,114.140699074637,79.7830866801433
22.2871129421624,114.141607675118,88.6322478966813
22.2884589865617,114.140733126207,89.4832994282827
22.2884801796369,114.140617687404,89.6727969836773
22.2873470817618,114.140132429558,85.1694770510654
22.2868814989609,114.141371508492,88.1238091940778
22.2879482741992,114.140765491388,84.5980283839074
22.288153161475,114.140729748863,86.7987108887971
22.2875989236925,114.140132569788,85.2665163309301
22.2876706412526,114.139991526451,86.809621122118
22.2865994470557,114.141072615831,88.8095584111438
22.2877121189568,114.14014531187,85.5907584280257
22.2873075598846,114.14096581589,81.921813245516
22.2876056152495,114.139961158124,86.9093560322294
22.2868333966633,114.139707998836,90.3057686110333
22.2873313249424,114.140682971358,80.3108729311052
22.2868147376863,114.141039677154,86.9106282360386
22.2865308407381,114.139945350713,90.6378851499111
22.2883992506178,114.141657707942,91.4494676922209
22.2865568290773,114.140693763687,88.6302434073013
22.2882204442563,114.140191752333,88.6791238555081
22.2881635403274,114.141333182385,88.7439375633659
22.2877529462082,114.139710476397,89.2327272366531
22.2872544478795,114.141514811393,87.4992769233108
22.2878557033301,114.140463646261,84.1928454820472
22.2877589094214,114.140192539045,85.4230400703369
22.2876378261432,114.141669457548,88.6833394257769
22.2881943640378,114.140272888371,88.1593913674394
22.2878599153289,114.140422249062,84.474898741089
22.2884688535399,114.139873972592,91.3856830670985
22.2869956117727,114.141328693231,87.1525979550878
22.2866638462078,114.140768507927,87.7049165899212
22.2880962459583,114.141183646484,87.5415377302269
22.2867783259606,114.140581788516,86.6803274732435
22.2871957607448,114.140662994994,81.7370206729391
22.2876698068002,114.13999761139,86.753627720509
22.2883056612145,114.140986388497,88.5394678780403
22.2868208791429,114.140837821182,86.253347069196
22.288358232274,114.141272203767,89.7631970150465
22.287866374274,114.14063843857,83.6488907736734
22.2870156361913,114.140844536342,84.1265168228403
22.2869925413258,114.140344603183,85.4739287148925
22.2883166044644,114.141476440082,90.2973675525473
22.2880841788483,114.141557619614,89.4775196438632
22.2868526799015,114.140741082296,85.8037996400842
22.2877490106328,114.141532364692,87.8935327406267
22.2878229365077,114.140484385646,83.7318118583496
22.2879750151628,114.141341269719,87.5875470432558
22.2876956895864,114.139875994129,87.8493954397498
22.2883397160022,114.139813195631,90.982301434369
22.2875490499054,114.139943706553,86.9691145974111
22.2872552859805,114.141331665066,85.864224581039
22.2869831918311,114.141474845318,88.2257010353273
22.2879202935895,114.140462296876,84.8723501055203
22.286992839222,114.14021170749,86.3309950975864
22.2880294871891,114.13980572377,89.5728198219536
22.2878655771352,114.140946556244,84.2261941344198
22.2879883692599,114.141660511297,89.6533893249418
22.2872628270253,114.140226411205,84.4940921769708
22.288249939072,114.141318191967,89.2350512503537
22.2874172421596,114.139887923376,87.4125767628583
22.2876235376505,114.140080765778,85.8480130514192
22.2875583791718,114.140416066644,82.0916971967102
22.2871245670095,114.141159482938,85.003239152389
22.2875265457163,114.141287289796,85.0785493630142
22.2869039851627,114.141062212155,86.2064105266938
22.2865999710853,114.141308344725,89.6029090284348
22.2878521372776,114.14159801789,88.7322954817948
22.2866781162857,114.141522876741,90.070324362773
22.2875149060741,114.14093580713,81.1952423770568
22.2871271424018,114.139860974963,88.2226259580139
22.288196228132,114.139995053814,89.4081943297746
22.2872359715853,114.140950782866,82.337487287906
22.2884901038049,114.140740688266,89.7218338600247
22.2884760224303,114.140159068925,90.4945664569434
22.2872910103728,114.141099137379,83.3717124774475
22.2866242815189,114.141201323165,89.0394881875106
22.2873358008625,114.14132863484,85.5956960043974
22.2872542105715,114.14034413564,83.3607706758922
22.2884671021335,114.14114236181,90.1048820200526
22.2873213667171,114.139903260474,87.3801988729662
22.2879641182503,114.140980612581,85.4077156714553
22.2866426837535,114.139947016333,90.0176809820276
22.2884581924178,114.140699598844,89.4763541875346
22.2865398273089,114.139813663098,91.1129906564752
22.2867767475952,114.141492948623,89.3999845355204
22.2874266401462,114.140827713476,80.1994459646356
22.2874839126948,114.139841570977,87.8069862147628
22.2882902930847,114.140283130618,88.850353623843
22.2870330936295,114.140894388351,84.107059322753
22.2874467580481,114.140442622076,81.5643500334863
22.287806222181,114.141582400812,88.4601118208383
22.2877358503716,114.140271680183,84.5783525866006
22.2869053625039,114.140584268163,85.3507490331093
22.2865495004393,114.141458368672,90.4879980774728
22.2877151844925,114.140113184761,85.8960499405248
22.2875348336496,114.139813648604,88.0695908025917
22.2882193748622,114.140591869332,87.5140430864314
22.2875910183147,114.140839721664,80.8134063790713
22.2878557899824,114.140448757156,84.2774557795014
22.2866514574184,114.140618701447,87.8376414680743
22.2865906876003,114.141182513984,89.212668502316
22.2865710030708,114.141614488649,91.0125173576018
22.2879797446689,114.141580899134,89.1323673700761
22.2875217279723,114.140187809598,84.5092489042688
22.2870149305574,114.141223948323,86.2869282305517
22.2884816855277,114.1404194115,89.919305598528
22.2880007156822,114.139926096994,88.716179850792
22.2876890904592,114.140567190401,81.8196870025139
22.2879564360346,114.140228352341,86.5300483716186
22.2866846153632,114.140607926979,87.5443650770467
22.2877751490205,114.139970077635,87.3637162273832
22.2874006448596,114.141010399198,81.9722793218902
22.2881489966631,114.140322153817,87.6036376672109
22.287299727158,114.141474462632,87.0472908852328
22.2878961590201,114.14018974459,86.3459814419637
22.2880146636314,114.140287851474,86.6477933036335
22.2870498774379,114.139718215606,89.4699946702267
22.2872444222823,114.140579865561,81.4982365471335
22.2871035969377,114.140287720661,84.9403095596717
22.2869800326178,114.14157936722,88.9326248095212
22.2882153804817,114.140500456521,87.6326189213946
22.2874538382087,114.140835992186,80.2290137184458
22.2874742387791,114.140245623265,83.8157674462059
22.2884744802841,114.140073351393,90.7439432278612
22.2882183134498,114.139771265144,90.5997898427542
22.2871589160392,114.141203493992,85.1510799124706
22.2877837329164,114.140044475925,86.8029498014668
22.2883994102014,114.140792540471,89.0340760242596
22.2869978269523,114.14086314462,84.3894339983744
22.2883259531981,114.141497193052,90.4343386714371
22.2874600132348,114.140591479956,80.1929027234799
22.2871185099045,114.139816627544,88.5767983241151
22.2880025835468,114.13996989496,88.4554865563304
22.2872068442382,114.140497741928,82.3975077229372
22.288266042455,114.139748479097,90.9217350575453
22.2881831614384,114.140282141288,88.0359538840265
22.2869956857651,114.14068275927,84.1680135860641
22.2879530722307,114.140111232192,87.2627460351155
22.2869275524109,114.14165866903,89.641731518762
22.2876814715849,114.140314807156,83.8198248847702
22.2884304057664,114.141497939661,90.9947635799473
22.2868750509536,114.139709598648,90.1349721670265
22.2879185275266,114.141441453578,87.9355901780763
22.2867316158197,114.139784045953,90.3414777786418
22.2876913890509,114.140914627011,82.2185305497686
22.2875278648209,114.139721014808,88.7954146996375
22.2878728667272,114.141598040751,88.8087968617008
22.2882420729129,114.139932552905,89.9591304176335
22.2872041386824,114.140189873661,85.1385355328918
22.2876156666197,114.140931454215,81.6977192274182
22.2870966181813,114.141302283428,86.3564403883324
22.2880862832535,114.141268184532,87.8969307036486
22.2871971968648,114.139814594708,88.3660783959066
22.287912409234,114.141691856883,89.565978247649
22.2868199529704,114.139933132677,89.1229379678194
22.2883207508518,114.140669313961,88.3606929804001
22.288198611904,114.141325827606,88.9361855430061
22.2868685190885,114.140200399713,87.3205782597739
22.2866033776827,114.140923922913,88.4310996447112
22.2880494648585,114.140728128178,85.7178154586619
22.2865505001769,114.141686770563,91.4084585860897
22.2874968798475,114.140369994974,82.4174116059251
22.2868427662799,114.14095727279,86.3452005663666
22.2876452696656,114.141207970769,84.6113362031954
22.2868020375996,114.140419574393,86.8705084986239
22.2867829016005,114.14140721531,88.9144793803163
22.2871707394806,114.140256392986,84.7262317727422
22.2865070219462,114.141309823937,90.1945771835134
22.2874898165695,114.140781685683,79.9666075051208
22.2882368250492,114.141151687137,88.4839491505354
22.2878311718633,114.140063655585,86.8875704980871
22.2875959907098,114.141625750157,88.2794563671184
22.287687043344,114.141323141418,85.8967236942246
22.2884640647097,114.141477848895,91.1023083019872
22.2869226740062,114.139775260123,89.564910783222
22.2873972475828,114.139733589114,88.6880445983574
22.2874424214983,114.141608394181,88.0421543116088
22.2869929045574,114.140478845601,84.7505678659926
22.2873578667529,114.141367772969,85.9388207175252
22.2881442936393,114.140611997225,86.7701150470066
22.2872561203399,114.141557737086,87.8498313679031
22.2879766872549,114.141181266147,86.5995474696878
22.288388831998,114.140726199411,88.9253702891378
22.2880787583698,114.140610347005,86.1055093885605
22.2881933974151,114.140486861659,87.4652223505144
22.287971753023,114.141658877115,89.5785860907663
22.2875415981164,114.140565830603,80.6082207725121
22.2869093161652,114.140352802759,86.1758773695603
22.2867167404367,114.140456420108,87.5296807490594
22.2871548079583,114.140390210344,83.7028951308839
22.2881292377026,114.140769370628,86.5769262756612
22.287537244097,114.141254619418,84.7524479589883
22.2867355255416,114.140956900304,87.3523150500662
22.2871882973711,114.140375238772,83.5466088424301
22.2876442331268,114.141433875282,86.7568225513697
22.2868921261443,114.141050901927,86.2593578037265
22.288298662742,114.140104314363,89.5574241381944
22.2870915682997,114.140699040541,82.9820221680781
22.2882748084634,114.14070882918,87.9481716999449
22.2870489904782,114.140773916357,83.5615517416478
22.2876434991076,114.140531608803,81.6020484376727
22.2865245273256,114.141111529607,89.4731849149456
22.287508494303,114.140468532197,81.3583114849176
22.2866248630697,114.140423159921,88.3975403582815
22.2869635024851,114.140113008106,87.1953051563416
22.2881225591663,114.140492869187,86.7917252724649
22.2866021503417,114.140456103157,88.5095988075153
22.2880449883548,114.140036595242,88.294348422972
22.2883194377941,114.140344411564,88.8849941026967
22.2871545593366,114.14011447134,86.0687471391234
22.2880294294728,114.139845946298,89.3367670968022
22.288395067896,114.14002241957,90.4527730680873
22.2870678917328,114.141080258229,84.8397982366133
22.2867772996473,114.140730173301,86.5896617385971
22.2879376538546,114.141563690271,88.8408848868818
22.2879592077,114.141205696041,86.6159376619511
22.2873096392062,114.140184983391,84.7307630382937
22.2875367009502,114.14014415472,84.9994620505533
22.2881797758078,114.141031865818,87.609514543898
22.2881274705703,114.1412937552,88.3114927295671
22.2874332104071,114.140325049959,82.9082064790562
22.287870158495,114.141679704447,89.345434660198
22.2880348677517,114.141365161693,88.1027165582996
22.2879071695309,114.140896672837,84.452134979732
22.2880007482402,114.140699444408,85.1761168152661
22.288225265308,114.139842055388,90.2952486856323
22.2884320918804,114.139903512624,91.0908135823493
22.2875889541729,114.140511939818,81.3275492877571
22.2867090803108,114.141154332341,88.2380524699818
22.2877223646959,114.141271936385,85.5901355564969
22.2876282411649,114.141328638317,85.7359138605465
22.2876485517205,114.141594058388,88.1155044648498
22.2882379042979,114.140721204416,87.611866179924
22.28807264633,114.140652061282,85.9922649602156
22.288152603397,114.140350963176,87.5230248357008
22.2884472930705,114.140262422081,90.0233878602024
22.2866406616096,114.141208447212,88.949338162463
22.2881573772411,114.141550676187,89.8013535302517
22.2871490485867,114.141314138525,86.1711247560224
22.2875715006666,114.140632589758,80.4052082253606
22.2881365005017,114.141609813012,90.0069275999558
22.2866475457789,114.141123342128,88.5965832161931
22.2869648528877,114.140503791115,84.9445018706095
22.2870312488538,114.141371026633,87.2489913059164
22.2884857476207,114.141005501966,89.9473321839692
22.2879029056621,114.141570606396,88.7409955576672
22.2878703050961,114.140842707837,83.8410227811072
22.2872566950586,114.14097515897,82.3743893147934
22.2872214572422,114.14052123889,82.0900252211863
22.2872323994472,114.140642797521,81.3635366401624
22.2875018276866,114.141527071565,87.3590320834779
22.2869078620441,114.140383207351,86.040434965417
22.287643251244,114.140679864879,80.916778470517
22.2870194379714,114.140865186926,84.1499220422764
22.2882516553979,114.139827900445,90.4906225368945
22.2873767529379,114.139874516003,87.5563513588581
22.2876214752308,114.140784621161,80.8052527905556
22.2880311158005,114.140172180544,87.4175507024047
22.287669723485,114.140623947734,81.3470902523548
22.2882169630436,114.141027672189,87.9123829342183
22.2872027583322,114.140400372596,83.2119070641915
22.2870024362046,114.141611056291,89.0496899727944
22.2870914019796,114.140022812156,87.1295440231971
22.2872175941135,114.141189258186,84.6714089879411
22.2879068000201,114.141107784346,85.5736786810115
22.2865074515748,114.140454691203,89.2630868678606
22.2882979912386,114.140342689656,88.7251501488001
22.2876891658464,114.140301590365,83.9956469280732
22.2867450287626,114.140482711337,87.2060051629678
22.2881303754879,114.141668351408,90.2856619606406
22.2882189796706,114.139873641764,90.1135374831281
22.2871704239807,114.140178258333,85.4261807874166
22.2871306107759,114.141674896811,89.0570811270453
22.2875915017825,114.141204502519,84.3629270944566
22.2881787034694,114.140039779414,89.0882714421214
22.2883011952186,114.139916248256,90.3499759889305
22.2879851861929,114.141164743876,86.5688743227913
22.2879299392042,114.139972863535,88.056656912275
22.287386577999,114.140723574462,79.9424620570696
22.2875559805816,114.141425434087,86.4906965463919
22.2878504498214,114.141317676518,86.6717936588144
22.2875574857389,114.141617791677,88.1689592914727
22.2866283538892,114.140789036055,88.0394936425358
22.287058320687,114.140667800673,83.4179931586203
22.2878647275627,114.140122516778,86.6298337349048
22.2877113219772,114.140358352345,83.6250268696807
22.2882566944047,114.139972789227,89.8580790668888
22.2866998155798,114.141624233806,90.4457751977592
22.2868008039993,114.140011076162,88.8036975108601
22.2868061051761,114.139885138806,89.4582591517495
22.2874038491228,114.141043791386,82.3401265928961
22.2881576033639,114.141286470274,88.4803890128742
22.2879204218356,114.14065119501,84.2782275557837
22.2879121763048,114.141622118962,89.1177102548871
22.2875065511246,114.140316106231,83.0502968225904
22.2880746223676,114.140178773927,87.6935506583985
22.2869636056665,114.140635398797,84.5985862599824
22.2877337736024,114.1409366588,82.7913329061294
22.2867402478031,114.139953587057,89.4471307331087
22.2870639179826,114.141177465614,85.590336542209
22.287317616206,114.141363963785,85.9857509730825
22.2883652282321,114.140504133316,88.8965404486317
22.2865994227603,114.140848372204,88.3502498675798
22.2879903399514,114.140346487116,86.1286655410326
22.2874808686373,114.140149305509,84.8780594735089
22.2883735474853,114.140670610579,88.8058067530924
22.2875749921737,114.140148114199,85.0421808593073
22.2866868900036,114.139826330833,90.3452077049885
22.2881340177499,114.141248956609,88.1368780493259
22.286886391462,114.141496236309,88.8454132761994
22.2878636002924,114.141019692962,84.624289847253
22.288475762403,114.139773383586,91.7813394285045
22.2873435065408,114.140685967346,80.2146873432085
22.2876620089409,114.139872539495,87.7917171544705
22.28781530926,114.139810610442,88.7070361580826
22.2876086610683,114.141130050498,83.6429060844868
22.2874708212505,114.140941201292,81.1632005220517
22.2869225551495,114.140997317324,85.7227110097175
22.2872562845826,114.13991342568,87.4268063431402
22.2872500230375,114.140231721615,84.5024487752889
22.2869775712253,114.140951848101,84.9591763314638
22.2875408555243,114.140532475493,80.8704577780001
22.2869305840711,114.141423107234,88.1589589772284
22.2882170165066,114.140273878023,88.3297039715737
22.2877257856979,114.141264979004,85.5447818505737
22.2884046946228,114.141545206492,91.0377685499219
22.2872646314071,114.140031286033,86.3696351295761
22.2880885028395,114.139933634359,89.1259774363376
22.2868126485974,114.140417656233,86.7799191593596
22.2881905171288,114.140871562394,87.3033250502033
22.2876673553305,114.141557675978,87.8650652951809
22.2876451565354,114.13972595479,88.8973177667256
22.2881137545716,114.140923616719,86.6865896937139
22.2874548273608,114.140242880317,83.8409969085996
22.287011192768,114.140668019072,83.9930314262777
22.286949682968,114.139803204596,89.2846109650043
22.2868334836291,114.140222892615,87.4642788977099
22.2868908201151,114.140917386128,85.7299190714864
22.2881424072908,114.141327229925,88.5777814949613
22.2880994740321,114.141122226753,87.2804646402173
22.2882137557086,114.141268169036,88.78123156906
22.2869025937021,114.1416926865,89.9403845411465
22.2866822490564,114.141007237088,87.9573401292663
22.2869253530522,114.140193746204,86.940728402413
22.2871743756101,114.140101724681,86.0826989884859
22.2875086667533,114.141607515965,88.0468292991408
22.2872842144366,114.140874929681,81.3322882660675
22.2877080744919,114.141135285734,84.2495844233834
22.2872980727076,114.141423382044,86.5916048547597
22.2883359699643,114.141207677779,89.3951935831147
22.2870661834104,114.141299631576,86.5133344118206
22.2867805316603,114.140715100381,86.554010272106
22.287716375903,114.141113593471,84.1054205324662
22.287261679862,114.141163366873,84.1814684244858
22.2882695693601,114.139817696643,90.6240294721622
22.2867714326851,114.141432129957,89.1113160930645
22.2873384929651,114.140528628349,81.0670343693935
22.2884132826811,114.141206490586,89.9163379062833
22.2884569942285,114.140173031611,90.3345291627888
22.2866874535224,114.140475164398,87.7429096105373
22.2874955451019,114.140846511738,80.356228675502
22.2884482631935,114.140691710362,89.4002164924801
22.2872967657328,114.141695980524,88.8572834294228
22.2870169960167,114.141036649421,85.0164746618516
22.2884235132323,114.141048302073,89.5820187399619
22.2870933497129,114.140768253054,83.0070099347814
22.2864979263503,114.141473577619,90.8281699714865
22.2873037677146,114.140308411173,83.4559193698919
22.2883961631828,114.140627296386,89.0111179414059
22.2870702950221,114.139875253277,88.3231512545247
22.2876593626703,114.140012137395,86.5924616802567
22.2866411886123,114.140867129554,88.0128187934906
22.2870690295048,114.140429840169,84.2284876191576
22.2879446493876,114.141422623356,87.9447557405868
22.2871908313733,114.141629491211,88.5675431307439
22.2884021381031,114.140118074754,90.1612217807547
22.2880314897181,114.14093706376,85.9148503291296
22.2883328449749,114.140911074522,88.6178796308808
22.2878992764566,114.14119334991,86.0857194286715
22.2872652045536,114.140209007578,84.6578979630379
22.2865685194749,114.140650245748,88.5438041588983
22.2877851446569,114.140263939881,84.9875625682052
22.2875307218197,114.140197333277,84.4220286507561
22.2870900163488,114.141006948186,84.126064412466
22.288277786611,114.141428212933,89.8747823836974
22.2869148301535,114.140504187823,85.4724918043156
22.2882707660468,114.140219056024,88.9308082718803
22.2884286032087,114.140944314706,89.4268896510269
22.2868256915331,114.141358398058,88.3922557921668
22.2878063862024,114.140798905168,82.9492875441433
22.2869976585669,114.139786312769,89.2049887013751
22.2869617508251,114.140428225872,85.3071445718444
22.28776191007,114.141678196192,89.0139873452391
22.2869093132923,114.141220167883,87.0325118215195
22.2882676562193,114.140650459719,87.9018609384273
22.2868128270521,114.141327841571,88.3084455020036
22.2874480155054,114.139938575064,86.953259517504
22.2882464412256,114.140976372759,88.0234150440404
22.2866895626982,114.141522878912,90.0104560755444
22.286565032043,114.139785499388,91.1087328386376
22.2884721357825,114.141078363197,89.9924918776328
22.2872483783855,114.140714648506,81.0862241807978
22.2880219913586,114.139803749594,89.5519903541755
22.2879468553132,114.141108656117,85.9221724148651
22.2874127816516,114.140870589618,80.5472829306085
22.2871731796026,114.140047250827,86.5595045795958
22.2872933868078,114.141545554389,87.6711130289015
22.2869470908746,114.140428013392,85.453128504191
22.2871441240255,114.139873164227,88.0742825607417
22.2875203310672,114.14137172965,85.9273423499061
22.2883042269971,114.141153191825,88.9904919021525
22.2872609916486,114.140302034112,83.7408940208142
22.2878784232714,114.141466913854,87.9180515087822
22.2883440966152,114.139868505551,90.7741917775435
22.2874603460291,114.139962530111,86.7334602428046
22.2870008223185,114.141473923069,88.1341756828952
22.2868875538264,114.139948707309,88.6763457995323
22.2875823899869,114.140335241496,83.0684581288309
22.2872590818301,114.141289078526,85.4426354261838
22.2881733589591,114.141066472772,87.6722640840602
22.2873288440146,114.140991779615,82.0528388768991
22.2869231629031,114.140940541612,85.4779332196688
22.2878453822917,114.140908046969,83.8156533995813
22.287187619008,114.140434802737,83.0560104332367
22.2868379621537,114.141296723136,87.9735798678112
22.2874803338246,114.140415245709,81.8814991434586
22.2880451223999,114.140179609614,87.4762587894334
22.288184666898,114.141339053942,88.9077336112239
22.2881874567281,114.140446373702,87.5154540064818
22.2872614590631,114.141428669496,86.7356133604464
22.2874228183858,114.14084709644,80.3412464910521
22.2878856136174,114.141627834546,89.0562077585591
22.2875876259585,114.140979153147,81.959464632297
22.2876367849785,114.141560224294,87.8185205564373
22.2882225311396,114.140045678502,89.3287096825792
22.2868523980583,114.140193008735,87.4797380657855
22.2879985587101,114.14010426875,87.5998189473517
22.288460881023,114.141125277405,90.0212822198415
22.286845872291,114.141422594785,88.6320729043264
22.2883138229661,114.14162932616,90.9334114793845
22.2876361994082,114.140831758461,81.1572470265871
22.2868483224094,114.140733358121,85.8476005364967
22.2875919438319,114.140036554885,86.1861602969836
22.2874827860771,114.140776234535,79.9294867472613
22.2868926143197,114.140952337825,85.8341989588587
22.2865476307873,114.140343581922,89.199740202447
22.2875609990688,114.140359547475,82.7152806989232
22.2876993808812,114.140429865455,82.9049229620355
22.2867648412732,114.141533627007,89.6748491370303
22.2877761176746,114.141023548285,83.8288261471371
22.2878456606626,114.141195115428,85.7059099587604
22.2881793551464,114.140739314335,87.059236703123
22.2867987374029,114.140467328549,86.7463888048644
22.2881370388029,114.140048728759,88.7880502328201
22.2871549505628,114.141638943974,88.7326554668869
22.288107585193,114.14015037586,88.0745084438409
22.2884945462454,114.139833477395,91.6557352421158
22.2873459662362,114.140514676304,81.1420466964084
22.2872955857678,114.139929845288,87.1978931144048
22.2873436215465,114.140933091765,81.3932417836419
22.2884711225715,114.140145801558,90.5028326065646
22.2872031621558,114.140238483758,84.6899171545009
22.2870779960679,114.140082779083,86.7316120681774
22.2865407192473,114.140604808364,88.8047100894809
22.2869822803868,114.141443453089,88.0180581514826
22.2875522215349,114.141534270336,87.4643592913591
22.2884428603541,114.140876851917,89.4468453804901
22.2867329507653,114.141559065178,89.9653873252028
22.287682121545,114.14147323061,87.205675282818
22.2873439518622,114.140920514772,81.2748040034581
22.286636527165,114.141555544862,90.4341664203201
22.2877791588323,114.139914999336,87.8098155592556
22.2878954501474,114.140497608658,84.4460793216849
22.2866648095016,114.140134957735,89.0707562686623
22.2869925977951,114.140159306275,86.6909233916215
22.287901008782,114.14121430517,86.2439530321573
22.2875895732677,114.14081296684,80.6502845899321
22.2877561455834,114.141676913901,88.9898919669989
22.287763556406,114.140906911225,82.9115963879151
22.2883133739142,114.140847673268,88.3672494885491
22.2871658398425,114.141620278317,88.5653626090972
22.2873748462446,114.140909085187,81.0153024181753
22.2879355247231,114.141063556683,85.559404495516
22.2869205180202,114.13986924675,89.0000740099263
22.2870439588158,114.141441036773,87.6943848675872
22.2876137141348,114.140635255542,80.7428869102595
22.2873556018016,114.14125397184,84.7834033022763
22.2878028408426,114.141021458543,84.0594259544818
22.2868170418092,114.140570753654,86.3105975511139
22.2875051721687,114.140456664562,81.4739464811087
22.2874557444562,114.140390842806,82.1429625381573
22.2880492928803,114.140473887725,86.1365356975865
22.287918112854,114.140667866815,84.2316488025934
22.2879533604442,114.141581118478,89.0199875336272
22.2875295088051,114.141512137497,87.2473758731603
22.2869313852843,114.14145243868,88.3416765912623
22.2866603858639,114.140636806833,87.7424837497564
22.2865388596456,114.1413225611,90.0410787495164
22.2868534190016,114.140036784494,88.348584208379
22.2868582069343,114.141088873127,86.7408077165964
22.2869225270385,114.14030220972,86.3285383483444
22.2880316702941,114.140708300189,85.5207233968858
22.288313929613,114.139821705806,90.8212779650794
22.2873685038565,114.140850509491,80.5641645709268
22.2876251343196,114.141353633134,85.9653025235435
22.286747197655,114.140306233555,87.7663103255612
22.2864992440497,114.141608214716,91.3319715555279
22.2880275987267,114.141208608324,87.1478121432421
22.2867727296743,114.140404639085,87.1864300448397
22.286797681121,114.140699441357,86.3787232078944
22.2881123045058,114.140971737587,86.8126423888767
22.2878718029954,114.140985140436,84.5000584793721
22.2879536434525,114.141425691416,88.0133103600712
22.2877489107588,114.140067182746,86.4526837247357
22.2876416130927,114.140033132313,86.3485791675933
22.2883071034712,114.13986068557,90.6195692892165
22.2871720693003,114.140867235095,82.4114900876115
22.287445470315,114.141316640972,85.333053223468
22.2875565562819,114.140160620663,84.8673736300229
22.2879139699504,114.140003265106,87.766454918627
22.2878112323624,114.140973965096,83.8207381092418
22.2869536125029,114.140070456031,87.5381615962848
22.2868277050155,114.140005214183,88.6788363381571
22.2869004947955,114.141615917804,89.4964636986629
22.2865268166776,114.1416210287,91.2503863789223
22.2865463845707,114.141648221326,91.2684981777255
22.2870901913535,114.140756146158,83.0278250822302
22.288219678423,114.141498809807,89.8695578771972
22.2868730211108,114.141027439115,86.3287008842937
22.2883774618757,114.141657414251,91.3478047547377
22.286710870506,114.140063798456,89.0862813724115
22.2879881028543,114.139804937045,89.4009445148133
22.2866375697639,114.140684251039,87.9283576163047
22.2881947876425,114.141700082888,90.7223598519584
22.2865037852252,114.140791214928,89.0922043126992
22.2882176963528,114.141524278049,89.9799200284399
22.2881857011246,114.141463745769,89.5147761949845
22.2879873644753,114.13994097876,88.5562242894722
22.2875130445137,114.140043663528,85.9867598361989
22.2881572230064,114.141562021713,89.8587078890982
22.2868339688577,114.14147347464,88.9872561341648
22.2872707257893,114.14047113892,82.044125800179
22.2870379058479,114.141441766286,87.7288590882492
22.2879780049144,114.14060174546,85.027651649947
22.2879142777157,114.141594662566,88.9463854372178
22.2868432357469,114.140195192568,87.5353844112094
22.2877768582488,114.14132322502,86.3127166363135
22.2882017420129,114.140502235294,87.5059066563998
22.2867259876175,114.139866561904,89.956967505056
22.2872159352402,114.141363811099,86.3070852673793
22.2869242194126,114.141288080648,87.3413988325308
22.2878043766284,114.139758292896,89.0393999397159
22.2880665525718,114.141551126091,89.3557652250128
22.287479626262,114.14137402331,85.9185514624318
22.2867577073707,114.141225566942,88.1781699730701
22.2883464723613,114.141371415149,90.0500221139375
22.2870138023217,114.140132043535,86.7432400050601
22.2875396295634,114.140500714202,81.1504857856473
22.2874532195651,114.141693807279,88.7227456887836
22.2877039569156,114.141595817293,88.255680322025
22.2874758844303,114.14058189312,80.2725423783252
22.2880403111448,114.141194133135,87.164874529246
22.287380808135,114.139812000105,88.0759871945465
22.2866706436883,114.141301971915,89.1180028244243
22.2878061647459,114.139770671107,88.9586592491467
22.2876091336594,114.14114560311,83.8091596232078
22.2867158160979,114.140139294753,88.7087515763588
22.2881170404312,114.139983323766,89.0118937600821
22.2882587984015,114.141553112123,90.3259902089446
22.2865205111257,114.140460318506,89.1524573056279
22.286830623378,114.140786445591,86.0757229280699
22.2866983248699,114.139784535492,90.491567414881
22.2883614582235,114.141649183766,91.2401864278906
22.2872168560401,114.140994410808,82.8674405322147
22.2866308946042,114.140121823993,89.3480734637692
22.2865742076936,114.140644718626,88.4981793864351
22.2867951934453,114.141688613842,90.3493299060724
