Rx_X,Rx_Y,Rx_Z,PathLoss
1.25889474557272,1.62316774830248,0.85,60.3208157114166
-1.49205273482598,1.65350342455608,0.85,58.1341968277517
0.529436984901638,-1.60983838000236,0.85,55.1642766559243
-0.886007124531806,0.187526076819935,0.85,54.2253485714535
1.83002734173719,1.85955414079711,0.85,61.360399890972
-1.36954767328981,1.88237112704246,0.85,58.677213953486
1.82866779297178,-0.0584974051086351,0.85,59.2488575449599
1.2011218755552,-1.43245464549114,0.85,57.0836035957538
-0.3129548694949,1.66294210075627,0.85,58.6445122227607
1.16882931823822,1.83796970557161,0.85,60.5238586643322
0.622962796626347,-1.85715328570324,0.85,55.5641822833407
1.39651722347511,1.7359729910302,0.85,60.6571139576541
0.714940619431094,1.03096052231333,0.85,58.6154203992947
0.972529872499665,-0.431091921863327,0.85,56.9888354416161
0.621911560710227,-1.31525324875375,0.85,55.4306212481725
0.824184352078435,-1.87266861449032,0.85,56.1579493921507
-0.89230806015644,-1.81531443747538,0.85,50.8148745164312
-1.61147287505661,1.29383131330917,0.85,57.2347308710611
0.779314491903268,-0.731602079756558,0.85,56.1988016365037
1.80088819535342,-1.86221567798836,0.85,58.6475631646962
-0.245022561374407,-0.473766171627966,0.85,53.6647182597633
1.06206715259601,1.18079960454825,0.85,59.3858163614404
-1.25250958178249,-0.0409424168470758,0.85,53.1661367474944
-0.217655197156402,0.585252040445059,0.85,56.2453840852076
0.83745932343229,1.01874672792944,0.85,58.7844729308407
-0.895899692005687,0.718810707414699,0.85,55.8154538422177
0.620392015895363,-1.34955305922148,0.85,55.421544897547
-1.52400927376649,-0.00654379207142819,0.85,53.2362752342053
1.83897583406432,-0.638457093335467,0.85,58.8746277442106
0.341071003919109,-1.10475224203545,0.85,54.6233865154266
1.00506823722261,-0.979619538162924,0.85,56.6556223433546
0.0238282066605695,0.796306890626744,0.85,57.0996698642799
1.56361301014319,1.83716570082178,0.85,61.0029650037676
0.188862119855212,-1.44550222868528,0.85,54.03270490452
-1.40282397776377,-0.969966983505054,0.85,50.1918996482664
1.36286902393465,-0.982871284113876,0.85,57.5939756659071
1.25713930427527,-1.02590012510004,0.85,57.3070723266743
1.71705449274891,-0.600064936060765,0.85,58.6254344829234
-1.21361899827517,-0.995664568095876,0.85,50.2769365967993
0.464178704586557,-0.106844604389083,0.85,56.1607052525737
-0.593361971748013,1.32331451158516,0.85,57.6460009988915
0.341056364610897,0.198894433164558,0.85,56.4245493813343
1.66877465531924,-0.856643924718506,0.85,58.386717048375
1.02880091644289,1.01491637711398,0.85,59.0789332069025
-0.478216612098573,0.271286562900884,0.85,55.0296909982337
-1.69658284174775,-1.78419952533357,0.85,50.1494841583537
0.123190212035891,1.11666892040804,0.85,57.9297581058155
1.73604273691673,-1.48037516610508,0.85,58.4281035826036
0.275294643488771,-0.122437435767177,0.85,55.6802934511658
-1.95239172199503,-0.651509422404474,0.85,51.5103544759162
-1.35127076722703,1.17713816273563,0.85,56.9172885650326
-0.75513983182078,0.114132542024851,0.85,54.1635746175362
-1.33740508200088,0.407927765606546,0.85,54.6349783798526
-0.948114861839423,0.616316393907129,0.85,55.4768944303636
0.756858012560031,0.992606371294838,0.85,58.6145569450112
-0.197833605990009,-1.66471448801227,0.85,52.7887596020646
-1.08409212513272,1.65334944600668,0.85,58.1888126985568
-1.39048792412311,1.30326790995819,0.85,57.2508085016639
0.153369741040228,1.98453886650754,0.85,59.6908984086515
-1.68729788498727,-0.229286920898215,0.85,52.5335805825982
-1.57338891927766,1.84759232342021,0.85,58.5985961027728
-1.98146310346373,1.09964185884601,0.85,56.845478617135
1.26921288261373,1.47477882145404,0.85,60.1195505319884
-1.66225661795636,-0.400869403604414,0.85,51.9357286142544
-0.960518388597383,1.20027392089723,0.85,57.1004481173924
-0.274344690145822,1.64259037771809,0.85,58.6322172696079
-1.27261188678859,-0.94478833391204,0.85,50.3252588983297
-1.41784407846113,-1.45572576516535,0.85,49.6630220944979
1.47716883056036,0.318818349462281,0.85,58.9263410058971
0.199440807345328,-1.42018080710509,0.85,54.067402794301
1.41212447088757,0.488220525940264,0.85,59.0045037020834
-0.596190476430916,0.0529981594682134,0.85,54.2275626633818
-0.392767864992233,-1.69613323323663,0.85,52.1532496283793
-1.04033538578537,-1.50672426065934,0.85,50.1371324255451
-1.26436884687033,-1.04018989734039,0.85,50.1343652554461
-0.330931723662522,-1.80138227869703,0.85,52.4625081645067
1.61086443966112,1.77914875888658,0.85,60.9852827297831
-0.0365436301276802,-0.0429894463999245,0.85,55.1080192282278
-0.649122360714491,1.60021538567065,0.85,58.2631336555564
-0.52301287551914,-1.55518897882485,0.85,51.623435477666
1.12100827328455,-0.441044652154986,0.85,57.3459322583887
-1.03323485634467,-0.384351417647541,0.85,52.2145144546739
-1.61418189932645,-1.47210682957466,0.85,49.7275470257044
1.76820236310194,1.82453816091921,0.85,61.2402559326179
0.300834380313862,-1.76088182821138,0.85,54.5099298001995
-1.06088034651037,-0.587365715111716,0.85,51.5456517439542
1.28477616079184,-1.93838624939378,0.85,57.4314304060186
-1.82790479336877,-1.32403988214918,0.85,50.038836757065
0.596461899825808,0.926889542634681,0.85,58.2469069433475
0.590983852545227,-0.19630517427622,0.85,56.3295742304021
0.18803556914538,-0.814716777568907,0.85,54.3860965087603
0.978771228296625,-1.24417993986982,0.85,56.4906427507949
0.74710173346126,-1.26595537705092,0.85,55.8170059434273
-0.526061614038654,0.502474242918761,0.85,55.5914069925878
1.12090974060551,-1.67549692453686,0.85,56.9012983507029
1.71754388387492,1.10285071443361,0.85,60.2748695450073
-0.0528334703873106,-0.256565645676324,0.85,54.6149320509496
-0.212865002280775,-0.77460211193377,0.85,53.1994805858148
0.034034621524508,0.0430862566884387,0.85,55.4507411954308
1.27051083328905,1.17932566753381,0.85,59.6959495922444
0.577272520774767,-0.485562469358926,0.85,55.902661130103
1.24632183312991,0.131302355197819,0.85,58.2445197721774
-0.597091585692467,1.75600624799955,0.85,58.6485023791759
1.50377124597194,0.200625371593689,0.85,58.8467026135692
0.48990034400491,0.348178818125667,0.85,57.005966120785
-1.16903082906789,-0.795014678882037,0.85,50.8078941179746
-0.116306605929637,-1.07804735915377,0.85,53.1383005647582
1.37723517078156,-1.2209428417318,0.85,57.5625284491712
-1.0963128761104,-1.31716781140857,0.85,50.0344599694966
-1.08934280873379,-0.257205263584404,0.85,52.5621575817936
-0.755590853398349,1.69351856841298,0.85,58.4177159475405
-0.279170434681664,-1.26073471950346,0.85,52.4617455452351
1.61952387471957,1.91899351342434,0.85,61.1788642530849
-0.244520107495587,-1.5555231062376,0.85,52.571084129379
-0.967741216351732,-0.365120615549792,0.85,52.3665845584392
0.379584296034457,-0.951153008876618,0.85,54.848213184403
0.411372357528332,0.844863121734732,0.85,57.7998487996427
-1.11301306393104,-1.53032939657678,0.85,50.0082258992091
-0.813296507126692,-0.724886792296471,0.85,51.6325875804764
-0.303332961144771,0.0314331386444726,0.85,54.7121509218291
-1.65793681163982,-0.950071061206669,0.85,50.3230475086496
1.20405849107896,-1.88311888975141,0.85,57.1976287315977
1.71541655791218,0.921323451421812,0.85,60.0532995448238
-0.0455641047856834,0.314100244093756,0.85,55.8921505132018
-1.05086568091391,-0.164604687280276,0.85,52.9092510983092
1.85235415714765,0.187222874955872,0.85,59.5111013343739
0.084543323216006,-1.0736224531659,0.85,53.8102501998236
-0.0444090243193322,0.496240352694758,0.85,56.3127538223741
0.716542163462991,-0.417939137325628,0.85,56.3519280020037
-0.530253405822094,1.95192801264653,0.85,59.1141353590149
-1.84904453504179,1.5406720328099,0.85,57.9197215832898
1.65314731055696,1.18473549434085,0.85,60.2784275144233
-1.6051508853777,-0.952515264517136,0.85,50.2741578844607
-0.658572640148814,0.718911805509352,0.85,56.0284667748783
-1.45378745057852,0.884909994326961,0.85,56.0891640370227
-1.57295255357103,0.615029394674238,0.85,55.2877233585733
-0.0233042534429195,1.1162068929251,0.85,57.7418653007604
0.860148313602776,1.61488224222527,0.85,59.7997079949749
1.56369001732316,-0.663347789050015,0.85,58.2385576693072
0.794983329339178,-1.20876069325628,0.85,55.971949051385
-1.87783621478145,0.97629704146985,0.85,56.4549680807771
8.9742360803502e-05,-0.0803114354157581,0.85,55.1113762835108
1.61888895226945,0.439466593690234,0.85,59.3299252314382
0.470665558353819,1.43776922258485,0.85,59.0057657275479
1.22195769811874,0.30688606245874,0.85,58.4121111959295
-1.26831012234034,-1.04027195772513,0.85,50.1304091542279
1.54604773230441,-1.88530339014358,0.85,58.0567409317527
-0.0403944459511045,-1.32829141727097,0.85,53.2626765213528
1.91472259856464,0.850777886715656,0.85,60.2949723612341
0.00188649661937212,-0.115646501832243,0.85,55.0410448032335
-1.76152452968144,0.727887616596253,0.85,55.6868279519999
-1.83027544999703,-1.71421814159743,0.85,50.2355666822895
0.0865993698571348,-1.61307989687653,0.85,53.7279758424556
1.2725942154385,1.27018836831715,0.85,59.8293335547635
0.889758369467369,-1.40053823008813,0.85,56.2192776855488
0.638421011633229,0.0743797700421527,0.85,56.8539740131478
1.89189821905545,0.595965970849424,0.85,59.9853928534638
1.20132230140961,-0.184809165092322,0.85,57.7899082384594
-0.270433984866153,1.30125518160818,0.85,57.8794867510688
-1.66612074056434,-1.46731596957135,0.85,49.777108697398
-1.30644554752398,-0.436248790705058,0.85,51.7882891449964
1.32551897135628,1.21345756640976,0.85,59.8266709322387
-1.75811528332043,-0.402968917545697,0.85,52.0069584219628
0.107503322033184,-0.332802128276852,0.85,54.8776841243172
0.627439563894829,0.511893436760417,0.85,57.562568502476
-0.83206368015314,-0.273395319005119,0.85,52.8638207243711
-1.93805149745592,1.93625489751662,0.85,58.8742715881071
-1.33132636034138,-1.57513462028534,0.85,49.7660133199729
-0.510361039777852,-1.2075263898281,0.85,51.7121444665344
-0.0412494479359045,-0.642026346436969,0.85,53.928725239879
1.80652185911091,1.68132815934626,0.85,61.1110366679672
-1.78929200927683,0.951432382067986,0.85,56.3463726634303
-0.923522294405776,-0.308657539964769,0.85,52.6094443210748
0.191483604859379,1.77094793710774,0.85,59.3216426863245
-0.329023582733351,1.93220986587942,0.85,59.2020360857018
-0.794180205151738,0.804395023603705,0.85,56.138533335637
0.665355406337703,0.156505860171427,0.85,57.043619976033
0.792422080721233,0.666111653610348,0.85,58.1254375318495
-1.28747018239865,-1.48794240111931,0.85,49.7490732738613
1.99632157904544,-1.31551573457427,0.85,59.0259737502176
-1.86959671787789,0.244799170838641,0.85,54.2502299032709
1.52746600180724,0.676701218137575,0.85,59.4434256488848
-1.23826693128018,-0.52433381574442,0.85,51.54350609585
-0.157096250958354,1.926551803883,0.85,59.3178659841659
-1.37438019109375,1.42209122338365,0.85,57.5604069075495
0.579058147480352,-0.494911158884674,0.85,55.8959925036841
-1.23630521905479,-0.286988028082456,0.85,52.3347117837028
-0.0719117558725748,-1.51755354681135,0.85,53.1555413071463
0.358029938780236,-1.0952492809893,0.85,54.6826987518525
-0.461523502522357,0.331945530990696,0.85,55.220476935584
-0.992775510110749,-0.838237342892083,0.85,50.9781578658997
0.468363537572893,-0.938876360759882,0.85,55.1298810275212
1.29750506675534,1.9306535988878,0.85,60.8111998023677
0.920995169070391,-0.624491983540068,0.85,56.6730382460498
0.336277333113808,-1.56892393902503,0.85,54.5389589795528
1.62523260259893,1.51861489792762,0.85,60.6646672565062
1.27104223748257,-0.957088003778142,0.85,57.3708904226938
0.377425002657323,-1.90994962903907,0.85,54.8585349261181
-0.29896271914346,-0.749124452717538,0.85,52.9804875030281
-1.354061022753,-1.28493525299053,0.85,49.7356797548138
-0.308457243599662,-1.62308264444906,0.85,52.3847128789543
0.394094675026964,-0.116302974566664,0.85,55.9769569392887
0.783797253206432,0.799551399713166,0.85,58.3322001680463
0.554123033087352,-1.86558465573428,0.85,55.3638841444094
-1.7247756035278,-0.721601059278016,0.85,50.9804538693911
0.123457122776506,0.617782831028265,0.85,56.8663266278733
-0.36952321183539,1.27992489112776,0.85,57.7342139913944
0.873435772823535,1.87459732092437,0.85,60.235593859714
0.125335626262698,-0.69941727271776,0.85,54.3392252008801
-1.57748318668391,0.443834634984802,0.85,54.7494132568474
1.11520896729637,-0.306188324149047,0.85,57.4636598001834
-1.63670685685024,-0.93411403688371,0.85,50.3404042051723
-1.38537312963477,-0.875978789864516,0.85,50.4208679853471
-0.239659443993117,0.108570967042609,0.85,55.0308287498385
-0.170302537249304,1.50148639441674,0.85,58.4207495147029
0.0722084334444166,1.77449049819355,0.85,59.2131310651918
0.550836392288696,1.83077575936633,0.85,59.8043848421584
-1.03717185807936,0.704489215455007,0.85,55.6784343634747
-0.843741713302093,0.687232661656861,0.85,55.7663899775834
0.780561998206949,-1.72802892611996,0.85,55.962481986671
-0.980839373611979,-1.10383987670313,0.85,50.4856740713994
0.671330908054866,1.37756862610882,0.85,59.1563099332251
-0.622150354795831,1.12207861092543,0.85,57.1248215064432
0.701328262987998,-1.97313874272609,0.85,55.8719893092892
0.408681950327181,-0.452915221916061,0.85,55.4904120731505
1.6639649765257,-1.99539577148357,0.85,58.3806227139428
-0.150203363030685,-0.302603840738499,0.85,54.2741040108097
-0.156334535884144,1.08063891443444,0.85,57.5005399329066
-0.710112771252886,1.13895717904297,0.85,57.0980829756885
-0.114571385157554,-1.85694906692353,0.85,53.2352358188859
-1.29650233726588,0.88703213356441,0.85,56.112147118588
-0.106056028138719,-1.38911519824707,0.85,53.0268103525269
-0.635501571803563,0.42955685507339,0.85,55.2469300450103
-1.23301897815281,0.953707359907766,0.85,56.3188287284761
-1.02860160672732,1.66969736819753,0.85,58.2451417720794
-0.923753653255927,1.06200006648575,0.85,56.7528767073139
-1.24535209283404,-0.850007307735475,0.85,50.5797071244191
-1.63554614525386,0.304837522652028,0.85,54.313966191576
0.733452973178612,0.186372458361291,0.85,57.2365956815971
-0.297084632515249,0.577771125725346,0.85,56.1085846990601
0.590470520690737,0.716067016372808,0.85,57.8572250803239
0.543146842056335,1.78069645243761,0.85,59.7082857346945
-1.16426031029591,0.837126810842179,0.85,56.0058943888832
-1.05507769202481,-1.52241500881078,0.85,50.1142185371215
0.429215762742539,-0.199449212136416,0.85,55.9258284981231
-0.165098025404529,0.647779007622608,0.85,56.4756220478226
1.08114205921464,-0.59912794623558,0.85,57.1084065206575
0.648038393436538,-0.335365640120814,0.85,56.2792551740132
1.36771661076524,1.33166727630086,0.85,60.0539557736976
-0.974236031083411,0.453842947251501,0.85,54.9670871207303
0.328996658108908,0.162957348497639,0.85,56.3309481870296
1.47976412943203,-0.94088389409748,0.85,57.90096187459
-0.727703698075763,-1.52314183578324,0.85,50.9579245052657
1.75931788137968,0.582207499890094,0.85,59.7399571139759
-0.0821471002044487,0.557267844160434,0.85,56.3913519242931
0.178864442107051,0.589245921172511,0.85,56.8995019163943
0.175543735998556,0.884186482319246,0.85,57.51491162866
0.0899812231084085,1.97481849648341,0.85,59.6167828080932
-1.12529347040146,-1.57680690699909,0.85,50.0185756044013
-1.56121014190722,-1.74563451609958,0.85,49.9662844025391
-0.381680016569497,-0.206508351734019,0.85,53.9465977357841
-0.536735292647315,1.05401856339525,0.85,57.0287271796609
0.511585518456675,1.08792154221698,0.85,58.4127724743569
1.73141428111528,1.89096341601206,0.85,61.2785342961634
-1.2318866022889,-1.44450318868338,0.85,49.7984344115304
0.785065348331979,-1.62471989290054,0.85,55.9411155990753
0.101617615437343,0.121376873571454,0.85,55.762501980395
1.44455924557333,-0.0605866657915923,0.85,58.4524156224188
-0.426174555138934,0.685724558696104,0.85,56.2076927874368
0.965031773816826,0.0802098695615472,0.85,57.5813323695327
-0.609149314889899,-1.40001098467327,0.85,51.3087131408126
0.344368268925848,-0.951418729088771,0.85,54.7387637426208
-1.82218363088705,1.01973306892472,0.85,56.5506715061813
-1.02885856871615,-0.230390747992227,0.85,52.7180943862619
0.751184340480429,-0.563087158392558,0.85,56.2812972968462
0.945360297204807,-0.421170098884947,0.85,56.9310849194394
0.733663467871914,0.816189721337064,0.85,58.2759349866132
-0.230778346466517,-1.92168950578673,0.85,52.9344923830726
-0.676568479143716,-0.30276201266745,0.85,53.0622966230127
-0.918918306271739,-1.21178480761818,0.85,50.500730390827
1.28688473984524,-0.280314362466934,0.85,57.8894981186396
1.55108381702542,-0.435268018155347,0.85,58.3604822399664
1.07645754955318,-0.412833931945534,0.85,57.2638321908224
1.23405638354938,1.02030839602833,0.85,59.4117781427892
-0.490417820659589,-1.13592433615442,0.85,51.8380723426242
1.16162887186765,1.79721564739919,0.85,60.4546664988284
-0.689738263699179,0.685057481806959,0.85,55.903265974775
-0.245420069652178,1.3340023823559,0.85,57.9785015444282
1.07541700971846,-1.33098581802111,0.85,56.7465713495044
1.44792191480829,1.95948861452602,0.85,61.0284801321988
0.0576938260228177,1.53712409250782,0.85,58.7236583911671
0.35210422123399,-1.38099060537582,0.85,54.5717393678915
-1.20054870857019,-0.372180651444373,0.85,52.0743733891355
0.994822872862766,1.30233526314462,0.85,59.4771875342795
1.15985211977812,-0.725903018404031,0.85,57.2140943508306
0.136256509482906,-1.64019728491768,0.85,53.9062549443194
-1.55317702322719,-1.45482980424681,0.85,49.6819598360852
0.714609219200753,-0.0192919236413576,0.85,56.8826764346535
-1.24115837592968,-0.0199767000391167,0.85,53.2435810388247
-1.40956711209325,-1.78010341237525,0.85,50.0073173713356
1.40285069715603,0.242238109419539,0.85,58.6928892070297
1.71843546702665,0.78666880222091,0.85,59.9002115274191
0.33116386070336,1.26158884590968,0.85,58.4942673303899
1.51605561838871,1.95564646431836,0.85,61.1037750390551
-1.99791049857222,1.4617543640521,0.85,57.7837222119287
0.450265877935995,1.95980082283532,0.85,59.9264848144856
0.110720277353769,-0.081906459159125,0.85,55.3656897302518
1.20539042208781,-1.08862825717583,0.85,57.1496127464518
-0.00762283521444118,1.60340995412802,0.85,58.7928198931442
0.298644876520751,1.38071274021615,0.85,58.6852082305169
0.954561167981607,0.343948143305903,0.85,57.9299392952332
-1.0130618960561,0.665664869277872,0.85,55.5783553332744
-1.66606874558951,0.503839140686333,0.85,54.9641148871077
0.643778231789369,0.919007421268884,0.85,58.3079386012798
1.56300846530129,1.92921289153443,0.85,61.124413183722
1.07611634134358,0.325785951501591,0.85,58.14688136025
1.71325224925675,0.320361463033767,0.85,59.3779458117277
-1.93206824665095,-1.51656171560577,0.85,50.2561954027459
1.45084287479868,-0.0628139551515901,0.85,58.4635789321384
1.37942269830505,-1.16237966391626,0.85,57.5801139496886
0.2091653661551,0.519533540257685,0.85,56.8067676382947
-1.87203593694973,0.458853676468562,0.85,54.9281525641256
-0.550354150907789,-1.80186968383176,0.85,51.7574588598808
-0.041720043290713,-1.2299584157517,0.85,53.2915761222052
-1.50766500981622,-1.17802331636928,0.85,49.8203969770003
-1.41394035754044,-1.24371130210954,0.85,49.7458533544282
-1.82939035635543,0.540791667439528,0.85,55.1543036304236
-0.87253257647828,0.154386712181362,0.85,54.1373377910239
0.780652157777328,-0.00353594606964203,0.85,57.0559675840116
0.143204223004453,-0.219267338815831,0.85,55.178419979375
-1.50427088960772,-0.0385708261279274,0.85,53.123148917681
1.41199262136326,1.49570962344693,0.85,60.3437493244297
-0.91882267082921,-1.16615456499474,0.85,50.5489265078622
0.259918282952805,0.561247300651032,0.85,56.982833175795
-0.331884193428456,-1.17609793787103,0.85,52.3322789160758
1.79173248517267,-1.6717151716091,0.85,58.5798077927422
-1.57716229367311,-1.43183551238401,0.85,49.6929166669528
-1.33415823649432,0.483834575741233,0.85,54.8788164463614
0.294839059364793,-1.79168843885652,0.85,54.5107241989018
1.724805538433,0.914646726713085,0.85,60.0605190767007
0.951366615190361,-1.74638199722873,0.85,56.4575150066433
1.44176225215293,1.73762047584485,0.85,60.7164885086034
1.93759324896389,1.43575526673546,0.85,60.9922776129265
1.14223595706012,0.0535096743502996,0.85,57.9304536194318
-1.28959015797654,-0.405642013056628,0.85,51.9001211590699
-1.46427499604812,-1.87644180502019,0.85,50.1981789918506
1.75656682427819,-0.794775741654431,0.85,58.6152909318822
-0.817864662098574,-0.668254872655299,0.85,51.7646093502172
-0.13172725188459,0.592793625864628,0.85,56.3958159383858
-1.89908727402785,1.36882644967734,0.85,57.5085709610233
0.23613017995478,1.41639979709377,0.85,58.6800620730899
-0.608483222690956,-0.215893407779589,0.85,53.4421010821836
-1.78304206223548,-1.29156986484356,0.85,49.9780885482064
0.651232247843898,-0.676684019186782,0.85,55.8935302660671
1.5939445513372,-1.52737920621316,0.85,58.0908501616936
1.95367171513992,0.159928396151717,0.85,59.6786103421572
0.827669677291051,1.99796648039082,0.85,60.3829931760998
-0.848602620739451,-0.341909844427566,0.85,52.6279774294509
-0.140640233499451,1.05582831396783,0.85,57.4628119874042
1.27281615563068,-1.59911383921803,0.85,57.2889986363127
-1.28753218445293,-0.561460346071679,0.85,51.3886635203108
-1.77318124372684,0.087542694645117,0.85,53.6638778935051
-0.656604101292302,-1.29732388129736,0.85,51.1857267800396
-1.16421330402746,1.62061423601786,0.85,58.0887448690648
0.701564709344987,-0.126127200384011,0.85,56.6975417239908
1.64852989695849,-1.58395370088249,0.85,58.2287711456667
0.982184294806869,0.945069822386554,0.85,58.8957871673257
0.24744570112655,-1.26322360993789,0.85,54.2508317505057
0.38884540135142,-0.800252039640844,0.85,55.011892096478
-1.46350826868527,-1.14959386656463,0.85,49.8531985084782
1.57976670176326,-1.71418874885182,0.85,58.0863142529907
-1.03005376425312,-1.78498243116514,0.85,50.4592287556326
-0.233111771742304,-1.94686719813099,0.85,52.9607506201704
1.58876540389429,-1.21336723452947,0.85,58.0906748449107
-1.62651793297963,-0.77053240164832,0.85,50.7527013904253
-0.175769332625034,-1.59332242550098,0.85,52.8241906300224
1.98155891062037,-0.671628666190004,0.85,59.1673394086875
-0.810612736448313,-1.75181911472147,0.85,50.9267480769255
-0.807024112448945,-1.81459494040728,0.85,51.0297710288316
0.0217125698308118,1.04570354676045,0.85,57.6452638829601
0.524279996854374,-1.64043339689563,0.85,55.1580661132224
-1.67655030747875,1.10896214619577,0.85,56.7499800950095
1.62053897689428,0.135087807068001,0.85,59.0101862121166
-1.56338315183017,1.30323543142239,0.85,57.2535531818076
-0.647609124791312,-0.824107787894064,0.85,51.8284418170066
0.985253710814717,-1.95865352662641,0.85,56.6550218223055
-1.80621064298711,0.671664486294495,0.85,55.539221493546
0.413871935323078,0.104409863182245,0.85,56.4073228454367
0.918837792892911,0.829013941261686,0.85,58.6081262146797
1.12550820719711,-0.848092097543315,0.85,57.0483963630369
0.770127945546075,0.22667933985605,0.85,57.3765975302647
-0.41391682967363,-1.75363733178414,0.85,52.1381669156811
1.12070212596469,-0.64966454379182,0.85,57.1690294385835
0.431463629051783,0.965016198008872,0.85,58.0620008044271
-1.580747032106,-1.48844648086802,0.85,49.7077620680416
0.198160428060792,-0.0590823656601627,0.85,55.6150347857468
1.56190271673775,1.19584111525152,0.85,60.1559012564242
0.937364334783879,-1.79467245555052,0.85,56.4380429288091
-1.7084588036041,-1.64589016130112,0.85,49.9571604667792
1.19340345645581,1.77203255828281,0.85,60.456101269264
0.734862289633432,-1.47166817714575,0.85,55.7663126158886
0.890898158627063,-1.55858607743061,0.85,56.2340789366313
-1.53002859139267,0.562871691863702,0.85,55.1193257236629
-0.684743140972789,0.615248090383095,0.85,55.7137160795241
0.996525852414076,0.332742925819505,0.85,57.9976319522312
0.960129311951111,-1.06069234100838,0.85,56.4950232609078
0.939830166784209,1.88239410034646,0.85,60.3236121663814
1.46772116700766,-1.65506188054601,0.85,57.7977888525173
-0.534253534723204,-0.523204782679927,0.85,52.7999541924533
0.740113890646437,0.391766541535556,0.85,57.5775631589271
1.15745577456762,-0.529388326248492,0.85,57.3574131478216
-1.17588856197922,-1.65333381041787,0.85,50.0148604252429
1.08773566839643,-1.17730191414096,0.85,56.8078149201261
-0.446913475808793,0.20711412782891,0.85,54.9066253623906
-1.0841869919076,0.567762481596749,0.85,55.2406193435899
-0.0620785104072783,-1.39261789953493,0.85,53.1786029993279
1.12772786635201,-1.59757471055031,0.85,56.9020813322351
-0.823734664965486,-1.05050792117768,0.85,50.94650727459
0.123489028111714,-1.63400507464235,0.85,53.8608178450178
-0.378738320477635,-1.58061501153697,0.85,52.1213786082752
-1.55086415137589,1.13771156297565,0.85,56.8079676720887
-0.833718728372276,0.414133755003547,0.85,54.9744591684264
1.85769066886361,-0.270060024118556,0.85,59.1439699945931
0.779008778471761,1.03239710115782,0.85,58.7165699872365
-0.269430695411598,0.62199215921415,0.85,56.2592135394973
-1.56097979710779,1.73503939354133,0.85,58.3334949080471
-1.25015677431325,-0.935284644369445,0.85,50.368020598895
1.19132104084639,-0.0495848982643055,0.85,57.9158268389619
1.07583305623548,-0.415973019128499,0.85,57.2592601030892
-0.908244823505238,-1.85106146371869,0.85,50.8396989626714
0.693179656434613,-0.281742162992588,0.85,56.4636616784471
-0.193043060381058,0.439428677160864,0.85,55.9283034559603
-1.76238681256689,-0.736754246644536,0.85,50.9812635376181
1.09088852345174,0.785731956024379,0.85,58.833935478558
-1.49867127556328,-1.47939419844231,0.85,49.6684826952759
-1.63059064512319,-1.96871882572266,0.85,50.487146040713
-0.307562459343334,0.622292699751657,0.85,56.2053568589498
0.891690098768097,0.124837174329755,0.85,57.4841828405668
-1.56472824690782,0.527065494113955,0.85,55.011661531293
-1.49400053868279,-1.4627867827457,0.85,49.6628370421806
-1.60562362915601,-1.43189100627229,0.85,49.7134771041896
-1.32699480603389,-1.21500431097218,0.85,49.8174235113432
-0.730080899402259,-0.734284003414836,0.85,51.8080435131581
-1.12974676230872,-0.995832615937056,0.85,50.391545472739
1.57168962114391,0.812892898225164,0.85,59.6862393482609
0.222951770877546,-1.26226532896939,0.85,54.1702777765105
-1.15187662987072,-1.69061276754929,0.85,50.0984889635406
1.65520164311827,0.826860870787722,0.85,59.8423110471737
0.231155867019505,-0.746284040253635,0.85,54.5973375311896
-1.3351857483914,0.489989037119581,0.85,54.898150762957
1.95173893980998,-1.31827190777247,0.85,58.9262953858362
-0.968830997711948,-0.412802725467425,0.85,52.2160509334016
-1.70402092169225,0.736384267848036,0.85,55.6904308169036
-0.390446669215352,1.9313408055758,0.85,59.1583257348271
-0.391264059110061,0.482687788798314,0.85,55.7268916294705
-1.38252077808291,-0.474619182222112,0.85,51.629660886419
-1.35546411260256,1.03244972530967,0.85,56.5175804904019
1.48444448766156,-0.59689302045643,0.85,58.0944944404232
0.742142834990149,-0.823405464928602,0.85,56.0208555401537
0.122517215427542,1.32969354514074,0.85,58.3712720610917
0.389960767490317,-0.658754677179016,0.85,55.1704869282305
-0.803099906667573,-0.189629833722704,0.85,53.1667265895074
-0.30941738711815,-0.561574728111057,0.85,53.3073072791401
0.233276799477188,0.970181462807756,0.85,57.7778590888122
-0.302660865497237,-0.28257684569518,0.85,53.9443514576222
-1.50050896512075,-1.9022639357985,0.85,50.2611458576303
-0.839258939477091,-0.729917668403095,0.85,51.5617285306708
0.614760535865901,1.82774369628274,0.85,59.8687441319182
1.74292349113952,-0.168454664582533,0.85,58.9833653813632
-1.03808641267166,1.05559177714591,0.85,56.6755748185628
1.03730953252439,0.962592259914457,0.85,59.0118889120552
0.974753365949304,-1.57631833306894,0.85,56.4756094645476
0.726241721881263,-0.146957685625123,0.85,56.7269954990931
-1.15134717898026,-1.60592504924757,0.85,50.0012056560427
1.29429789571135,-1.29996105047168,0.85,57.3367513578067
-1.34572036086003,0.663948865644442,0.85,55.4383882218616
1.57755750141697,0.0662328334050817,0.85,58.8551564025819
0.810809227801901,-1.3856384935224,0.85,55.9902007892435
1.81382827954499,0.163536324965906,0.85,59.4154489352559
0.718935592841868,-1.85374792780619,0.85,55.844405879852
1.23681540517517,0.994475487104789,0.85,59.3791653084513
-1.51925192805168,0.100180659050435,0.85,53.6012563261008
-0.696665484947003,0.185797759612274,0.85,54.4592268770264
-0.404476990467204,-0.339626453547814,0.85,53.5639913928392
-1.27704895898082,-0.978453038047797,0.85,50.2471408544556
-1.91785690136726,1.69470245048163,0.85,58.3133039194831
0.614799556033012,1.73045428819426,0.85,59.7008946890899
-1.3459505258899,1.68438902356879,0.85,58.2134600280177
1.17863154155501,0.309576786826595,0.85,58.3294774190707
-0.239857616958985,-0.969545053150249,0.85,52.8407282393395
1.0077855754698,-1.08532207157799,0.85,56.6174640315878
-1.74325165043241,1.0693180431063,0.85,56.659191181351
0.684808741426142,0.860850059143361,0.85,58.2720304355886
0.568243313735409,-0.323806825500468,0.85,56.090908241713
-0.436951671183302,1.26456041150129,0.85,57.6356852659134
-0.730288545376601,1.25815909160261,0.85,57.3859760352306
1.15629405975583,1.40905556137538,0.85,59.8677067735062
0.0225464702870246,0.542645555445508,0.85,56.5315714293241
1.80357766151254,-0.224143379924759,0.85,59.0656049315547
-1.7599247208821,1.46699958799727,0.85,57.7107898945813
0.524754937076045,-0.579705392484604,0.85,55.645753271053
1.98801308642659,-1.10331400406749,0.85,59.0362437920918
0.60980429187446,0.419962567633037,0.85,57.3693255399757
-0.45101827406746,-1.43125136283798,0.85,51.833669031026
-1.89946005715919,-0.315550984939035,0.85,52.4518445093932
-1.26359884228996,0.903101069877812,0.85,56.1660030346203
-0.518549253939208,1.36624034987282,0.85,57.8074361823011
0.936918764773253,0.284103491297516,0.85,57.8073185820406
-1.29257976949879,1.82953609038289,0.85,58.5621109969006
-0.93871185522832,1.6983235809584,0.85,58.3452388638214
-1.10491838121184,-0.50574476942942,0.85,51.738003227218
-1.64999860169366,0.56046619298686,0.85,55.1363992736355
-1.27753244898757,-1.8197955701057,0.85,50.1606752660787
0.892693916732381,-0.610249417672839,0.85,56.6112452035143
0.642467298011615,-0.464525595712114,0.85,56.1021897121586
0.509386009773868,-1.91340074147877,0.85,55.2632089191874
1.64227995409211,1.20223462511524,0.85,60.2841830882789
0.983389937370885,1.25245125444304,0.85,59.382020639147
-0.466774725497883,0.469116929265797,0.85,55.5822668941622
0.301979438811256,0.120206819060062,0.85,56.1916431347846
-0.89972097671226,-1.00548416135212,0.85,50.8301429684509
-0.193444918192109,-1.08914869589381,0.85,52.8699468840166
1.21779833445228,1.94441696758388,0.85,60.7380078660784
-1.88003219892244,0.142656762668951,0.85,53.9289611229592
-1.65169112039643,1.20836576222322,0.85,57.0143892494421
1.95657963880136,-1.732214966409,0.85,58.9656201297149
1.75759344753814,-1.92728986545322,0.85,58.5702303347376
0.735354454985421,1.13494592033287,0.85,58.8255482729438
0.136550271530913,1.54143780372457,0.85,58.8160366801533
1.59601959562456,0.503750504321983,0.85,59.3606365879095
-1.44852403034977,-1.1287936251515,0.85,49.8844203109656
-1.27143569643827,-1.83272054410818,0.85,50.1921352477172
-1.57223336579917,0.465773940342741,0.85,54.8185661053067
1.75864404064427,-0.582177076130685,0.85,58.7283531032549
-0.357483639761944,1.93739766793781,0.85,59.1931562328484
1.78231675614105,0.706578713734157,0.85,59.9167580843978
1.95320904925314,1.06732554886638,0.85,60.5942001930185
-0.653202942434095,0.649527441597925,0.85,55.84304748819
-1.02333885283888,-0.817970996673613,0.85,50.9707030605201
0.720713484922008,0.111387321675191,0.85,57.0931056618673
-0.353625946369862,0.410552872145589,0.85,55.5962492032955
1.00208022369494,0.334132697047834,0.85,58.0107168239989
0.20717005974387,0.334282475030858,0.85,56.4200678331294
0.0472796798339008,-1.6696290920052,0.85,53.6233202943541
0.878280539437959,1.98462444518748,0.85,60.4164951860829
-0.581862780172313,1.88503526073362,0.85,58.9407573439038
-0.614204954798562,1.54617544704123,0.85,58.1601984587921
-0.181220540032369,-0.346290843916739,0.85,54.1018628575284
-1.1290717265708,-1.4973816505495,0.85,49.9642663901958
-0.764341625732739,0.904417726659327,0.85,56.4375317526224
1.13148829191649,0.775150459947589,0.85,58.8880604096165
-1.96079099094775,1.37285335204204,0.85,57.5450777436744
1.6893279911851,1.0838168826957,0.85,60.2082938264695
-1.82936057625981,-0.487255451799125,0.85,51.8138820737014
0.81735849793347,0.918052182018588,0.85,58.5854021495449
-1.10289171734194,-0.92378107290654,0.85,50.5859788191873
0.692124660016476,-0.090031209092555,0.85,56.7270870914459
0.49486565066977,-1.05422026943636,0.85,55.133998331143
-1.29150498200673,1.31857354279034,0.85,57.3023047056593
1.06768667174106,1.73791309247308,0.85,60.2507203121534
-1.56844437966255,-1.27108997759578,0.85,49.7478538079699
-1.60361887031017,-0.0409447923062123,0.85,53.1382707803284
-1.22701867812452,1.58356629517027,0.85,57.9850208402676
-1.60364140127274,-1.82333771294936,0.85,50.1363232168171
0.229180623219047,1.0899802687505,0.85,58.0166021071123
-0.752239770014925,-1.28407008274266,0.85,50.9009448439628
-0.644177287009127,-1.15941745182579,0.85,51.32600511509
0.0406100790610009,1.62545729306086,0.85,58.8854544654011
0.515695754609272,-1.59386444475075,0.85,55.1168913758621
-0.436580989094582,-1.78153353910537,0.85,52.0947884896324
0.0051316528128611,-0.273115312463011,0.85,54.7272329158014
1.99024139804876,1.24641032398129,0.85,60.8500390838314
-0.0573933204079293,1.57779102226957,0.85,58.6911917380852
-1.44981362093174,-0.439980342218858,0.85,51.7355883966103
1.7094248999925,1.66997532966447,0.85,60.9706174476843
0.854296046377263,0.47334953448776,0.85,57.9295754276143
-0.626848439034618,1.74410930675908,0.85,58.6041619137942
-1.50090383735803,0.922341446022828,0.85,56.1986879838638
0.585909729703255,1.33260794267718,0.85,58.9630469199554
-0.406871087124898,0.999288837442544,0.85,57.0230521062058
1.34088204191252,-0.710158410550962,0.85,57.6776560127456
0.20904646743342,1.91651652973557,0.85,59.6142093879821
0.197234132073211,-0.678305561573589,0.85,54.5818439103186
0.477886220711119,-0.557453715991189,0.85,55.5424229591071
1.02603817400778,-0.344397005239241,0.85,57.2101492753144
-0.0306195824602491,0.77897293253044,0.85,56.9803388640222
1.89093554031914,-0.688980158026373,0.85,58.9632300506476
1.3512127323143,0.956288909094112,0.85,59.5096102494074
1.81669782551817,-1.87230948198409,0.85,58.6867745685373
-0.572524055269832,0.650615337148858,0.85,55.9364286257435
-0.873993763406038,-1.07846773073015,0.85,50.7753306075823
0.844514204721301,0.498291667973234,0.85,57.9501554155798
0.362434611678544,0.641751865250408,0.85,57.3232330507864
-1.80978130754454,-0.604860765959764,0.85,51.4257259093539
-0.194637678577027,-1.03638001151956,0.85,52.915680560134
0.860180053184706,1.42472916802515,0.85,59.488307294118
-0.873969219525787,0.924203318894966,0.85,56.4093769791776
-1.44894842992193,1.34689112699887,0.85,57.3628555432126
-1.44559313703056,0.352837541557975,0.85,54.4425490077078
-0.535372798180249,1.22703817864442,0.85,57.4588095004288
0.0151231431046237,-0.0416226451065831,0.85,55.2279114833742
1.50819489354018,-0.587432748244178,0.85,58.1561905510261
-0.202225773713007,1.85412114737371,0.85,59.1353430176432
-1.83080880834183,1.89183333656254,0.85,58.7435056511933
-1.2431726275105,0.6684812001603,0.85,55.4770086060565
0.345758458715672,0.700449665620461,0.85,57.4103020245173
-0.555911803221357,0.481113708284342,0.85,55.4935893089715
1.24460354040114,-1.92297009034343,0.85,57.3212217395626
-1.6645059668684,1.89920666873956,0.85,58.7274375318586
0.605398129661413,-1.07504873534259,0.85,55.4595859598961
-0.38603542750164,-1.51191792699148,0.85,52.0689702041654
-0.926244714410867,-0.968615319549581,0.85,50.8363021353237
-0.673339045029483,-1.39106394854821,0.85,51.1052343813731
-0.607969361135546,-1.5133661827691,0.85,51.3282809820467
1.53661223099864,-1.62288643974342,0.85,57.9625737665736
1.72016250442996,-0.403920123861778,0.85,58.7572354039606
-1.8103941518834,-0.630505987357041,0.85,51.3497864707411
0.943864635520657,1.17872862933522,0.85,59.2068261747636
0.179623592978686,0.744893851936164,0.85,57.2285672563707
1.57453078373441,-1.78083284032107,0.85,58.0910373319398
-0.785354481131936,-1.81523377467381,0.85,51.0886514408165
-1.21809294546481,0.880663210066102,0.85,56.1136809585888
0.887013093997187,1.51119628460611,0.85,59.6650598878805
0.329731857949641,-1.7172626584534,0.85,54.5773454758778
1.69097828075637,1.20148836940443,0.85,60.3558658526921
-0.856212574318547,0.174652931365447,0.85,54.21939619863
1.93910494788244,0.862712268506486,0.85,60.347301855848
1.35587838932,-0.266957755968207,0.85,58.0590883095322
-0.117501137573837,0.242853644178224,0.85,55.5908666730814
-0.92363382587601,0.996073870567785,0.85,56.5742517898281
0.0155510938419545,0.587238665091122,0.85,56.6198590750681
-0.769017671876237,-1.44510145568742,0.85,50.8138935269343
-0.0977082648097483,-0.550162876725016,0.85,53.9228614895024
1.15245371359419,1.12118328337644,0.85,59.4321529778473
0.67404885701418,-1.46598456135475,0.85,55.5829908419043
-1.91377645118601,0.239362823490039,0.85,54.2695507567161
-0.796723927722044,1.75763885549383,0.85,58.5441335697485
1.92361454418744,-0.853518444422963,0.85,58.9653771690232
1.20328114780614,1.58444540573042,0.85,60.1917204875344
0.390106307271318,1.53606694289528,0.85,59.0910632003463
1.77492616478317,0.196632349679611,0.85,59.371975583881
0.913547298377427,0.307033191432039,0.85,57.7933389510119
-1.89657011566744,-0.213876086860743,0.85,52.7784543189021
0.585207829402622,0.0848118106896729,0.85,56.7525780602452
-0.510749356881952,1.74853866536625,0.85,58.6865597575927
1.31813129810606,1.39634191981782,0.85,60.0747309816803
-0.509863040401842,0.372738300873961,0.85,55.2591924391003
1.49021025859023,1.73400643402842,0.85,60.7728650957145
0.673857097445502,-1.17289416825958,0.85,55.624054003621
0.615402368250352,-1.7117937951174,0.85,55.4651159790271
-0.373092339642545,0.667726132829995,0.85,56.2304363584688
1.73490263818372,1.24380012895306,0.85,60.4730801593858
-0.0618069126600385,1.02699684026205,0.85,57.4959727955151
-0.331810185028932,1.88714397195718,0.85,59.1064751637181
1.95189880492333,1.45659011612481,0.85,61.0363470178545
-0.444464896350286,-0.181032687843553,0.85,53.8746357743198
-1.01325120944768,1.13769237209671,0.85,56.9091509937737
1.53135042233221,1.65484672517207,0.85,60.7191144895988
0.2331396944891,0.395472410984822,0.85,56.5954191047789
-1.4044931186498,1.59885393814295,0.85,58.0016734052848
-0.198425677391538,-1.17731064214415,0.85,52.7854069539758
1.59860396203632,1.05034215749291,0.85,60.0259765610716
1.52994522960119,-0.860199127900715,0.85,58.0568691376465
0.692903945809031,0.657119617672203,0.85,57.9331641034095
-1.5087400244019,-0.370726307772749,0.85,51.9747016045523
-0.89885219473724,0.866678962556567,0.85,56.2327708540182
-0.866462473484255,1.58479542739798,0.85,58.1079381986062
1.30631556925424,-0.439893948744009,0.85,57.791947499721
-0.00838822814325368,0.779220770689975,0.85,57.0137238724663
1.33747600439975,0.43851875870293,0.85,58.8028266533889
0.298948643425632,-0.695831316308835,0.85,54.8603286429465
-0.174301596593012,0.855182332932538,0.85,56.9549849241021
1.53762018110398,0.883422683267726,0.85,59.7177269222327
-1.92554890109446,0.699105868513143,0.85,55.6889114581611
-0.245964703053949,-0.24871928333492,0.85,54.159035026666
-1.53185272197737,1.25872675807433,0.85,57.1330670210398
-0.700578245477964,-1.01508754306143,0.85,51.3396134122302
-0.629147115506882,-0.497231439961647,0.85,52.6360055873563
0.186215172331836,0.247680617063907,0.85,56.2005024953169
-0.416711085503996,-0.407476481874657,0.85,53.3702819872549
0.0614688768462894,0.630122168383644,0.85,56.7906547349307
1.80366079305984,0.889394057309992,0.85,60.1584418187258
-0.39968101855065,1.32748535731924,0.85,57.8174134084691
-1.46264663308517,-1.75813291224069,0.85,49.9612616015966
-1.66301179074136,-1.34440672668117,0.85,49.7830589712323
-0.703120318823804,-0.793092891181412,0.85,51.7447654824766
-1.95327603547864,0.159620375398501,0.85,54.0520595085611
-1.61850922948871,-1.41394057423107,0.85,49.7239233015899
0.52456482805982,1.43728164571514,0.85,59.0724572382402
1.89688652495485,0.283353709888734,0.85,59.6843483788888
1.98740085829979,0.21416629398213,0.85,59.7893393242555
0.0618338193613033,-0.677271736038932,0.85,54.1805013756167
-0.279992806426415,-0.032774985585021,0.85,54.5999273994283
-1.71585166434819,1.55095686213086,0.85,57.9093943527484
-1.74146563579653,-0.255260177074207,0.85,52.4851544272787
1.30651802647557,-0.421861263067866,0.85,57.8076225081461
0.453899526821048,1.27456294032884,0.85,58.6806392986992
1.54494015625043,1.72444650994888,0.85,60.8295809485926
-1.23686140796351,-0.965670994324911,0.85,50.313967316611
1.5914627393612,0.373447441544436,0.85,59.2055697105037
0.0153603273873917,0.451238355342237,0.85,56.3141612753625
1.2776889689275,0.127556677971703,0.85,58.3052977711662
-1.19169961380627,-0.184426137277912,0.85,52.7147637270048
-0.288356320719317,1.864210998448,0.85,59.0902927769199
0.480220216533895,0.781559807672014,0.85,57.7911836215444
0.880658448071918,-0.612419238849546,0.85,56.5775085308244
0.0679616821012408,0.226778528048408,0.85,55.9177311171061
-1.37401912354382,0.248224182247099,0.85,54.1040947086555
0.779213156433825,-0.29417785715905,0.85,56.6617472116016
1.34508168270526,0.925548264647732,0.85,59.4576915677162
-0.559875831656913,-0.183150512586406,0.85,53.6297946601433
-0.454440405631311,1.10221856900214,0.85,57.2274036655146
0.937084422743757,-0.278888619703378,0.85,57.066701911143
0.775010296535654,1.78085394867384,0.85,59.970272629012
1.13693039292696,0.822287432524275,0.85,58.9660780098123
-1.56266304190262,-0.44027737137406,0.85,51.7525168961642
0.363618921621346,-0.162479808134699,0.85,55.8250120040081
-1.79864005304418,-1.08524966391912,0.85,50.2430166350172
1.3367562442276,-1.93742122921389,0.85,57.5625478202135
1.45484346022346,-1.68772378787026,0.85,57.7726469394605
0.676170360326222,0.000845297124409505,0.85,56.8250007892932
-1.12802480499939,0.286462901616356,0.85,54.3294742648975
-1.51124339630632,0.684664931954612,0.85,55.4940468740378
0.398342192491255,-1.77609537044884,0.85,54.8282884536874
-1.77462792582657,-1.38999745199012,0.85,49.9236745816298
-1.92151573293766,-0.259297817212193,0.85,52.6616823428525
1.32888590113127,0.469560685816337,0.85,58.8258827539985
0.0805176612429679,1.45547289173444,0.85,58.5813789670449
-1.60920832735423,1.63220881274708,0.85,58.0909036064868
-1.56793322345296,0.0679870323877796,0.85,53.5007351320136
-1.4273759116657,0.237482289612016,0.85,54.0619337950172
-1.98168150421071,1.06672799448595,0.85,56.7572569399497
1.39483690583313,1.66728508101495,0.85,60.5592791825018
1.94787309913463,0.0205324071952901,0.85,59.5493925612772
-0.91431350232994,-1.59699795231506,0.85,50.4846408046622
0.0313953233181463,0.342436502807514,0.85,56.1003896101809
1.05154838364296,-1.66814940355782,0.85,56.7101446392745
0.646384772330857,0.0679160588248524,0.85,56.8614940492652
-1.31580792989821,1.75423145732737,0.85,58.3829697859427
0.361932708570287,-0.23746127695664,0.85,55.6961723186035
1.76767572124513,0.623655281028565,0.85,59.7999281588779
-0.192217162958457,1.35878968287868,0.85,58.0871982890694
0.130494009897385,0.2155482631651,0.85,56.0204263564717
0.720262120333443,-0.53124037873053,0.85,56.2325563629924
-1.04283757522582,0.315693969836374,0.85,54.4825093187091
1.46754821869003,-0.372892959139098,0.85,58.2199363537902
-1.54953943589981,-0.224616653092171,0.85,52.4867718948523
-0.7992623951444,-0.394452584742029,0.85,52.5605113374683
1.33345425381254,-0.385485348905572,0.85,57.9017284216071
-0.439296247477574,-0.558204426484222,0.85,52.9629362381574
-1.43897856292222,-0.95947922355024,0.85,50.2083787487022
-1.65273959653667,-0.282410651656779,0.85,52.3309652995266
-0.97086886092056,-0.809778463395527,0.85,51.0891773958868
-0.300566353181497,-1.52317096231485,0.85,52.3663484742656
-0.0197323047981635,0.825628910150242,0.85,57.1014003657094
-1.0257065092762,1.14028032773602,0.85,56.9103387997372
-1.70364169255629,-0.424466292073213,0.85,51.8876518231541
-1.98642350814277,-1.1172924322679,0.85,50.5747361147801
-1.99479772519762,-1.24328131602106,0.85,50.4573165347912
-1.43006378071611,-0.927696003506496,0.85,50.2829419412742
-1.30043173865687,-1.44540411362962,0.85,49.7265089028028
0.39554244147146,1.6042316227309,0.85,59.2243723491922
1.75751906353695,-1.11526217624369,0.85,58.5109754043109
-0.0693144984143448,-0.495955536300982,0.85,54.1015993917617
0.095120147863478,-0.940509625805641,0.85,53.9599992331935
-1.72657111811668,-0.254691690079589,0.85,52.4752384176595
-1.30458785054,-1.89557156738038,0.85,50.2998929314475
1.8187130963218,-0.277613920562331,0.85,59.0573186938454
1.84623429241465,1.04965793601197,0.85,60.4098133809846
-1.97060535558861,0.720154561840555,0.85,55.780503245394
0.823803016995534,0.58051514642953,0.85,58.0426584385617
0.20923937803092,-1.12756508086688,0.85,54.1846704799215
1.08946485445217,-1.0878867055982,0.85,56.8399297353121
-0.516541124106379,1.56371528410278,0.85,58.2682800897893
1.42550763091304,-0.390265800746223,0.85,58.1100903516983
-0.72792353001306,0.434541722539958,0.85,55.1496851449349
1.64078090677793,1.63639275120353,0.85,60.8378793724999
0.366377635629751,-0.669714370657795,0.85,55.0891314960855
1.41225451683968,-0.23040842783534,0.85,58.2191637190073
1.61742191287177,-1.86728237619149,0.85,58.2213343776097
0.12970593000053,0.865989386017527,0.85,57.4083639628702
-1.28279262471284,-0.65386829679575,0.85,51.1026214420984
-1.24914820569893,-0.712291267268305,0.85,50.9546579659245
-0.384573155079173,0.194265199427854,0.85,54.9794536046745
-1.80504562887093,0.21092853271577,0.85,54.092725506327
-0.900754380649997,-1.03399303306355,0.85,50.7789996793857
-1.0274192823738,-1.3833622033197,0.85,50.1491261902933
1.8256654440321,1.7426455020664,0.85,61.2111434337793
1.27485774883298,0.913047391291336,0.85,59.3255451893539
-1.29675308689788,-0.558516091830186,0.85,51.3923323280342
-1.24484010943358,-1.99520641263983,0.85,50.593590673043
-0.734321945069828,0.798467945588222,0.85,56.1739622938466
0.501020720716162,0.172248701375406,0.85,56.7163845617908
-0.243851186449323,-0.850290930069829,0.85,52.9875956345291
0.00663642698676092,1.04618474267859,0.85,57.6266489050338
1.04963219515486,0.304223605986228,0.85,58.0641114652819
0.990651350566865,0.582138023925286,0.85,58.352209156786
-1.50712192670198,0.0175914403710666,0.85,53.3170715780988
-0.610954749113465,-1.63140926077958,0.85,51.3863066344476
-1.40860212786993,-1.20732119573439,0.85,49.7856106348596
0.689080949829715,-0.273955268392437,0.85,56.4637508736055
0.777615638738217,-0.972861746919409,0.85,56.0218168688993
-1.96096540045936,0.129132284243555,0.85,53.9625433904179
-0.882432138988142,1.78492061407971,0.85,58.5683926123421
1.62577306604001,-0.429261696103554,0.85,58.531997107677
-1.90057906462051,0.685747186289839,0.85,55.6337975910423
1.34868254150822,1.88599855324505,0.85,60.8085604906554
-1.77226845825901,-0.198704749066188,0.85,52.7016177417371
0.329881206945148,0.746551257985213,0.85,57.4753091285473
0.877731010383993,0.600163007701563,0.85,58.1729148229571
0.907658203650608,-0.504609336640073,0.85,56.7506320882484
0.326328332851463,-1.5355259488824,0.85,54.4986262096748
-1.76938255514051,1.91906089590395,0.85,58.7910020764863
-0.860705092557529,0.379897195238385,0.85,54.8439209132726
1.84864412404504,-1.25688694636569,0.85,58.6980132340147
-1.22784073609189,-0.633423581419433,0.85,51.2093134288681
1.73159158327232,-0.437329853529615,0.85,58.7593009263611
-0.907133168000146,-1.39221168061262,0.85,50.4322825666403
-0.411564629026193,-0.50111013219503,0.85,53.1645555053187
-1.47554117182798,-0.259837128417493,0.85,52.3533613929603
-1.63394733114956,0.458507832051783,0.85,54.8103567106628
-1.95608363083675,0.293041533053489,0.85,54.4769753009669
1.15891943210305,-1.05853290739652,0.85,57.0369679375265
-0.207921146143796,0.277432733139728,0.85,55.506156681818
-1.75439423083661,-0.0148444574404607,0.85,53.3077816325808
0.569260938341194,-1.11493707949158,0.85,55.3307072191681
1.34822578212752,1.88430092577005,0.85,60.8056215424253
1.38549155077269,0.0239978235621932,0.85,58.4146706213846
-0.884497555419077,0.986468887312805,0.85,56.5726662821624
-1.05227846354852,1.82938112647649,0.85,58.6108775120014
0.481040144311083,0.401048582030511,0.85,57.0846736098492
-1.30958199340933,-1.6386130474271,0.85,49.8459848388817
-0.978951189425645,1.43428212503684,0.85,57.6905714877656
1.64426821359118,0.79853506890305,0.85,59.7902302741466
0.90072942009355,-1.08045568457001,0.85,56.3202225610259
0.304213825285418,1.24251242003176,0.85,58.4218647542944
-0.384626526463737,1.95375706879898,0.85,59.208892995832
-1.64000474005245,-0.716235869408954,0.85,50.9181917276558
0.0456357552767117,-1.75757453372703,0.85,53.6750465610795
0.902751694183376,0.226222994247968,0.85,57.6529735932195
0.117439609925027,1.31992972813278,0.85,58.3451815067536
1.43503613628722,1.1561156932558,0.85,59.9122161980943
-0.728667785095086,-0.191170184948073,0.85,53.2882494110985
1.00891188019977,-1.56055317699726,0.85,56.5687003334706
-1.56103052562439,-0.920465345182397,0.85,50.3224037074996
0.0985493815852436,1.89060430790999,0.85,59.4632421745004
0.841634741112678,-0.752560219409868,0.85,56.3528415585289
-0.834171489409091,1.40142934949849,0.85,57.6791059745431
1.64658969603141,0.557104589104255,0.85,59.512533677074
-0.978518808222226,-1.64533663987087,0.85,50.3765439218299
1.3530223501489,0.338874477053281,0.85,58.7094312665481
1.79243494158409,-1.75588428322996,0.85,58.5989982687825
0.338565213420442,-0.859567657365433,0.85,54.8017598240906
1.31092869379305,-1.23605423721041,0.85,57.3891928317979
-0.229880151188465,-0.426353974529694,0.85,53.8048404613622
1.30629591617106,0.707484373753676,0.85,59.0965526765817
-1.16958786248008,-0.727581095398947,0.85,50.9925540670262
-1.4647560585755,0.685851557912123,0.85,55.4957801898243
0.283964301849623,-1.32093173589405,0.85,54.3568610904697
-1.40937689139305,-0.0956811269301747,0.85,52.9262627500691
1.6324096660278,0.208700106863339,0.85,59.1082558286203
-1.86824042900049,-1.78454829425778,0.85,50.4162697884772
1.22025291423561,-0.194500581186207,0.85,57.8227785499209
-0.469415081760166,1.15857481475876,0.85,57.3508243065793
-0.542852522000824,0.129399739995641,0.85,54.5326434218872
0.846626823925066,1.48590607198339,0.85,59.5710046034803
-0.685241553311084,0.600472101591108,0.85,55.6717079689177
1.89934459201103,-1.69613055482346,0.85,58.8302938259974
0.348076668331087,-0.34445400890656,0.85,55.4894804217848
-0.763454294134932,-0.944663833892819,0.85,51.2835226492411
1.03506506032082,1.98086392451901,0.85,60.5839887709834
-1.25371422343452,1.12458107413906,0.85,56.7904280333156
-1.21680807589307,1.96943589271971,0.85,58.8923428401531
1.20904627905716,-0.303093160386775,0.85,57.6874923723786
0.915455472205496,-0.00658566990579335,0.85,57.355650889606
1.23596106879618,-0.573964266075816,0.85,57.5147769225014
-1.70702626204077,0.363965821099397,0.85,54.5342313845409
1.64075132291256,-1.22493625533356,0.85,58.2144166627565
-0.270528833862409,0.996638916272037,0.85,57.1697905395443
-1.84326205340967,1.78529995922193,0.85,58.5021210503748
1.05469329465504,0.235282202038241,0.85,57.9800990549854
-1.2646282221369,-0.00820473992421222,0.85,53.2719256262412
0.0713824009362027,1.9769720425762,0.85,59.604798929903
1.4194067323627,1.84961575884788,0.85,60.843165747364
0.715764035908133,-0.385994444782557,0.85,56.3884341989577
1.73991634471221,-0.0820618174700738,0.85,59.0491905529862
-1.07283355334753,-0.414839005960898,0.85,52.0664151478346
0.820309900451155,0.2342361382422,0.85,57.4930353035907
1.02652280357747,1.98192423422103,0.85,60.5760510712271
1.84972561746654,0.140268421024628,0.85,59.4631097638795
1.85548051988686,-1.53749648327496,0.85,58.7092523975676
-1.79420682707918,-0.782604217453706,0.85,50.8979526330458
0.32076733257085,0.123857809353126,0.85,56.2393916085243
1.60483237061257,0.162201700680977,0.85,59.0064902823925
-0.272077556573269,0.170667949745366,0.85,55.1230360179008
0.849659223158087,-1.93330114823907,0.85,56.2657788861696
1.20368352823139,-1.42996270030484,0.85,57.0904231965256
-0.0861021083885474,-0.972658583281466,0.85,53.3395213126567
-0.523633244700558,0.647059653461657,0.85,55.9848744195737
-1.32156474618274,-0.884863918243925,0.85,50.4301930566997
-1.20711282194464,-1.21971386686296,0.85,49.9345694661158
-0.692641406600097,1.5213514415168,0.85,58.0517416327485
-0.115592539937006,-0.384122511316236,0.85,54.1930804104498
-1.28307409430621,1.87569998458917,0.85,58.6699342391868
-0.370177048789519,1.37794958593379,0.85,57.9606808641247
0.461300388523398,-0.493555687869051,0.85,55.5783145704281
1.50872699734839,1.13940970913209,0.85,60.0019937207051
-0.140182866741863,1.25590770728374,0.85,57.9136936390826
1.59377654872048,-0.283045827540691,0.85,58.5730712680791
-0.662682321511121,0.386588417780985,0.85,55.0898419158016
1.60796323482625,0.808265797438703,0.85,59.7412444839878
-0.490179591716541,0.939823701720058,0.85,56.7860575254837
1.81641114588485,0.171252452414205,0.85,59.4275948118011
0.160423329437463,-0.755561441583992,0.85,54.3719188386455
-1.71506171230167,-1.27207813132391,0.85,49.8897013551665
-1.62804429251729,-0.146043008951027,0.85,52.7864035823184
-1.96266995188892,1.66010364694316,0.85,58.2479789524209
0.570966956532416,-1.99432376719039,0.85,55.5102692058264
-1.87845891002033,-1.16611910677872,0.85,50.2740436765136
-0.180135419991611,-1.49093586669947,0.85,52.7754163909707
-1.96540924848764,0.908318404594109,0.85,56.3131319200818
-0.583534135773654,1.1217837843841,0.85,57.1569023634045
-0.253373433458835,-0.253780870510927,0.85,54.1296112430177
-1.80314727857405,-1.80147239392244,0.85,50.3308067149958
-1.63559929834778,0.376148125776485,0.85,54.5463478033655
-1.03566377932391,1.36547640788857,0.85,57.4942374166678
1.42885105636242,1.85444880380542,0.85,60.8613301930382
-0.0444008553575843,-1.11875959772547,0.85,53.3477906816919
-1.09516543663486,0.147151218051303,0.85,53.8984638128811
1.04843883684459,-0.609731398204963,0.85,57.0163023867284
-0.155072962434003,0.557295048797426,0.85,56.2745804773384
1.66934416346738,-1.35370970443868,0.85,58.2700076229411
0.862541616669894,0.310955504769637,0.85,57.6958423443717
-0.266804091163524,1.53697113052438,0.85,58.4092842437342
-0.427792978492349,-1.28409938948907,0.85,51.9429313039501
0.533334321280486,0.496002217249376,0.85,57.3574991531904
-0.688233612107005,1.21186126383295,0.85,57.2995049616061
1.99791143454357,1.92391264372859,0.85,61.6435593503989
-1.49185223122057,-1.07103941615283,0.85,49.9830845158156
-1.9054701333671,0.429730441607421,0.85,54.8616912386923
-1.5567627148514,-0.370161968486404,0.85,51.9879943400089
1.53630722664785,0.19253110990635,0.85,58.9024995359665
-0.523987693153531,-1.16661606874661,0.85,51.7006435210339
-0.236226893902706,1.82478460870351,0.85,59.0481374686128
-1.50389633340783,-0.116947016532173,0.85,52.8516805203294
1.42758531112877,-1.82643811373219,0.85,57.7448436967759
0.766500580805222,1.91594186670015,0.85,60.1833750623596
-0.866928406031453,-1.46487800002231,0.85,50.5408601267301
0.741118737650749,1.63781822299758,0.85,59.6912647535096
0.443475929532973,1.59993118573144,0.85,59.2714357388509
-1.22626499224363,1.017698325953,0.85,56.5012767840391
-0.6149571333409,-0.325498342789148,0.85,53.1253054066568
-1.37712067858043,1.27600233570736,0.85,57.179783594249
0.499694111385109,0.954241686442591,0.85,58.1460041642816
1.22044968282782,-1.73110936974729,0.85,57.1828793132
1.80316126602226,-0.0096919559113573,0.85,59.2391317946865
1.02058361880209,0.969620282707767,0.85,58.9958354593428
1.32451830284045,-1.37399261299919,0.85,57.4096441946023
-0.170765117794366,0.472401984377524,0.85,56.0451424808225
1.7287334201882,1.34035294223741,0.85,60.5831683159444
1.5816940653694,0.33007409867212,0.85,59.1393497184848
0.330987225447166,1.41970375587982,0.85,58.799981263442
-1.86053719980828,1.54168038193921,0.85,57.9259526387744
-0.369076754576073,-1.85447187820867,0.85,52.4018534701458
0.984591770950881,-1.38068491699558,0.85,56.4900995216405
-1.42436668530053,0.423836213294988,0.85,54.6742248555092
-0.982076623794526,-0.703383179976712,0.85,51.3420167812649
-0.392836328612006,-0.374506714395491,0.85,53.5077679279341
-0.455235445756351,0.439207295351819,0.85,55.5185824001457
-1.33243710933502,-1.24763170721901,0.85,49.780508167801
-1.62148452055134,-0.707254908954942,0.85,50.9314633105889
1.07838771708934,-1.06352799016401,0.85,56.8188425371824
0.961461878497049,0.771273655326917,0.85,58.5897758767361
1.29631285346552,1.31191019655795,0.85,59.923461665996
-0.826528263966432,-0.762523030309004,0.85,51.5113243448408
0.0921191937679722,-0.698804030022296,0.85,54.2404482116951
1.32737004194427,1.24117916297536,0.85,59.8684361299205
0.227993045114436,-0.948143865079371,0.85,54.3763426574429
0.722264809217801,-1.06538741823046,0.85,55.812296939318
-0.174298541547552,-0.461732421953904,0.85,53.8798429463015
0.154405754792087,1.96681488384782,0.85,59.6585220298814
1.02088160671132,1.9218193977215,0.85,60.4775199835031
-1.06086943734861,0.11423635421066,0.85,53.8183506917869
-1.79425578573237,1.02750188393849,0.85,56.5611770735226
0.407919065102041,1.42867483648884,0.85,58.9110696032676
1.95310855703246,1.71793788970247,0.85,61.3446468763091
-0.361940266244739,-1.99863415112744,0.85,52.6342345507011
0.163513291052173,-1.16907751201576,0.85,54.0117208805138
-1.12286564727028,-0.696774949063113,0.85,51.1390180994067
-1.61620233356966,0.990134646953212,0.85,56.4061055269523
0.994035829573168,0.173197732340435,0.85,57.7694658647789
-0.647470733903787,1.32933464648211,0.85,57.6204175796741
0.21028871210383,1.83017246784808,0.85,59.4528626043919
1.57133327727201,-0.573985531491982,0.85,58.3109252656509
0.185607571967549,-0.613272994980204,0.85,54.6371703889444
0.491211162636521,1.18649874123358,0.85,58.5669503567614
0.9834996061626,-1.49785507458072,0.85,56.4896255409606
1.28957602703608,-1.89939799428599,0.85,57.4256159736352
-0.342284476303873,0.925629871891749,0.85,56.9143218368602
1.12549600110385,-0.530856339474524,0.85,57.2770020828454
